1,com
2,net
3,googleapis.com
4,org
5,io
6,co
7,s3.amazonaws.com
8,goog
9,tv
10,elb.amazonaws.com
11,appspot.com
12,us
13,me
14,ru
15,uk
16,ms
17,co.uk
18,fi
19,us-east-1.amazonaws.com
20,st
21,cn
22,de
23,jp
24,gov
25,map.fastly.net
26,info
27,pl
28,global.ssl.fastly.net
29,news
30,fr
31,to
32,it
33,edu
34,ai
35,azurewebsites.net
36,eu
37,cloudapp.net
38,ly
39,ca
40,xyz
41,s3-us-west-2.amazonaws.com
42,mobi
43,in
44,link
45,elasticbeanstalk.com
46,market
47,tumblr.com
48,network
49,nl
50,cloud
51,us-east-1.elasticbeanstalk.com
52,fastlylb.net
53,biz
54,ua
55,githubusercontent.com
56,map.fastlylb.net
57,mx
58,es
59,be
60,am
61,im
62,media
63,blogspot.com
64,tech
65,au
66,herokuapp.com
67,com.au
68,br
69,vn
70,com.mx
71,gg
72,com.ua
73,com.br
74,cc
75,gl
76,ch
77,id
78,asia
79,se
80,com.cn
81,club
82,fm
83,s3-eu-west-1.amazonaws.com
84,jobs
85,co.jp
86,sg
87,rsc.cdn77.org
88,video
89,pro
90,online
91,la
92,app
93,ag
94,tr
95,nz
96,hk
97,github.io
98,com.vn
99,at
100,vc
101,com.tr
102,s3-us-west-1.amazonaws.com
103,live
104,kr
105,tw
106,site
107,co.nz
108,co.kr
109,ws
110,report
111,email
112,pw
113,pt
114,ie
115,ne.jp
116,cz
117,com.tw
118,my
119,no
120,com.hk
121,dk
122,pe
123,works
124,co.za
125,ar
126,services
127,ph
128,org.uk
129,cl
130,top
131,is
132,com.ar
133,bid
134,dyndns.org
135,com.sg
136,co.in
137,lt
138,s3.us-east-2.amazonaws.com
139,tk
140,host
141,th
142,gr
143,org.cn
144,digital
145,co.th
146,co.id
147,il
148,ac
149,com.my
150,hu
151,pn
152,ir
153,ro
154,us-west-2.elasticbeanstalk.com
155,sk
156,gt
157,co.il
158,com.ph
159,stream
160,space
161,gov.uk
162,ae
163,li
164,s3.eu-central-1.amazonaws.com
165,ec
166,su
167,systems
168,net.uk
169,by
170,edu.cn
171,pub
172,mil
173,ac.uk
174,firebaseapp.com
175,watch
176,cloudfunctions.net
177,sx
178,arpa
179,com.co
180,re
181,solutions
182,pk
183,ad
184,sh
185,life
186,lu
187,ar.us
188,withgoogle.com
189,click
190,k12.ar.us
191,software
192,tc
193,al
194,com.ru
195,com.pe
196,elb.amazonaws.com.cn
197,guru
198,s3-external-1.amazonaws.com
199,name
200,gov.br
201,as
202,world
203,si
204,dz
205,chat
206,eu-west-1.elasticbeanstalk.com
207,do
208,s3.dualstack.eu-west-1.amazonaws.com
209,today
210,com.pk
211,gob.mx
212,kz
213,googlecode.com
214,icu
215,bz
216,store
217,s3-ap-southeast-1.amazonaws.com
218,ga
219,eg
220,support
221,apps.fbsbx.com
222,ee
223,nu
224,int
225,ve
226,events
227,com.eg
228,uy
229,bg
230,plus
231,net.au
232,fun
233,md
234,com.ec
235,net.id
236,work
237,s3-website-us-east-1.amazonaws.com
238,com.uy
239,lv
240,py
241,bnpparibas
242,bradesco
243,aero
244,one
245,org.ec
246,hn
247,freetls.fastly.net
248,service.gov.uk
249,gov.cn
250,ml
251,travel
252,com.py
253,com.pl
254,rs
255,net.co
256,cm
257,box
258,de.com
259,press
260,zone
261,wixsite.com
262,ddns.net
263,cr
264,net.br
265,website
266,ninja
267,pantheonsite.io
268,net.cn
269,net.vn
270,ki
271,agency
272,hr
273,xxx
274,cx
275,cat
276,tt
277,win
278,or.us
279,tx.us
280,technology
281,ng
282,us-east-2.elasticbeanstalk.com
283,tools
284,ovh
285,s3.dualstack.ap-southeast-1.amazonaws.com
286,tl
287,rocks
288,org.mx
289,com.ve
290,sc
291,supply
292,netlify.com
293,com.do
294,cf
295,ge
296,so
297,mn.us
298,ga.us
299,edu.au
300,herokussl.com
301,bar
302,sa
303,in.ua
304,gc.ca
305,management
306,xn--p1ai
307,download
308,az
309,org.au
310,net.ua
311,s3.eu-west-2.amazonaws.com
312,gov.au
313,ca.us
314,blog
315,global
316,s3-ap-northeast-1.amazonaws.com
317,c.cdn77.org
318,nhs.uk
319,mp
320,gov.hk
321,k12.or.us
322,ke
323,coop
324,nyc
325,uz
326,kg
327,vip
328,lpages.co
329,pics
330,a.ssl.fastly.net
331,ma
332,net.mx
333,bd
334,co.ke
335,go.id
336,lk
337,cool
338,delivery
339,or.jp
340,gov.tr
341,in.th
342,onl
343,kiev.ua
344,com.gt
345,us.com
346,af
347,qa
348,team
349,mn
350,uk.com
351,org.br
352,k12.ga.us
353,ba
354,shop
355,cy
356,fl.us
357,qc.ca
358,dattolocal.net
359,gov.vn
360,gouv.fr
361,bo
362,org.ua
363,com.ng
364,om
365,com.cy
366,sv
367,nj.us
368,tj
369,ny.us
370,com.sa
371,s3.ap-south-1.amazonaws.com
372,myqnapcloud.com
373,games
374,in.net
375,edu.vn
376,edu.mx
377,com.gr
378,s3-ap-southeast-2.amazonaws.com
379,co.ve
380,com.af
381,co.cr
382,google
383,eu-central-1.elasticbeanstalk.com
384,company
385,mt
386,pa
387,gq
388,eu.org
389,spb.ru
390,com.es
391,tm
392,pr
393,in.us
394,pa.us
395,gov.ua
396,kh
397,center
398,page
399,gov.co
400,photos
401,edu.ar
402,co.hu
403,ug
404,ps
405,or.kr
406,com.pa
407,com.sv
408,us-west-1.elasticbeanstalk.com
409,k12.ca.us
410,net.pl
411,edu.co
412,ac.id
413,gov.in
414,ac.jp
415,gov.tw
416,edu.hk
417,ni
418,mk
419,k12.in.us
420,group
421,s3-eu-central-1.amazonaws.com
422,wiki
423,tn
424,dev
425,lb
426,oh.us
427,trade
428,com.mt
429,pm
430,gs
431,studio
432,help
433,np
434,com.bo
435,me.uk
436,gov.it
437,eu.com
438,party
439,on.ca
440,cu
441,edu.tw
442,duckdns.org
443,com.ge
444,nc.us
445,ma.us
446,zw
447,mi.us
448,mu
449,vg
450,co.zw
451,school
452,wi.us
453,org.ar
454,sinaapp.com
455,blackbaudcdn.net
456,gov.my
457,run
458,com.qa
459,dhl
460,gh
461,edu.pl
462,com.bz
463,moe
464,wa.us
465,s3-website-us-west-2.amazonaws.com
466,gift
467,review
468,tips
469,dm
470,org.tr
471,org.za
472,s3-website-eu-west-1.amazonaws.com
473,bank
474,com.ni
475,global.prod.fastly.net
476,net.my
477,readthedocs.io
478,org.nz
479,ink
480,il.us
481,com.pr
482,sch.uk
483,ht
484,yandex
485,gob.ec
486,ac.in
487,edu.tr
488,leadpages.co
489,design
490,la.us
491,s3-sa-east-1.amazonaws.com
492,com.gh
493,net.tr
494,jo
495,bc.ca
496,ac.th
497,house
498,org.vn
499,in-addr.arpa
500,org.il
501,ci
502,blogspot.co.uk
503,discount
504,sky
505,ac.at
506,com.pt
507,co.at
508,ne
509,aws
510,gold
511,guide
512,go.jp
513,car
514,co.ug
515,sn
516,no-ip.org
517,com.lb
518,bb
519,tz
520,land
521,art
522,tf
523,blogspot.ca
524,now.sh
525,s3-us-east-2.amazonaws.com
526,science
527,edu.my
528,net.nz
529,go.th
530,buzz
531,org.hk
532,bi
533,sap
534,gov.ar
535,mg
536,iq
537,edu.ec
538,org.tw
539,gob.do
540,kw
541,gd
542,sm
543,bet
544,wf
545,museum
546,love
547,ooo
548,et
549,k12.wa.us
550,ac.ir
551,edu.pk
552,jm
553,care
554,sex
555,net.in
556,ao
557,london
558,ltd
559,ab.ca
560,va.us
561,ac.kr
562,gov.pl
563,s3.dualstack.us-east-1.amazonaws.com
564,k12.wi.us
565,dn.ua
566,social
567,org.pl
568,gov.ph
569,blogspot.com.es
570,md.us
571,s3.eu-west-3.amazonaws.com
572,edu.sg
573,ac.cn
574,gov.pk
575,org.ru
576,cash
577,gy
578,here
579,k12.la.us
580,s3.ca-central-1.amazonaws.com
581,gob.ar
582,gov.ru
583,dp.ua
584,gob.pe
585,ad.jp
586,com.kw
587,hopto.org
588,cd
589,org.co
590,ia.us
591,sncf
592,zapto.org
593,belem.br
594,money
595,marketing
596,synology.me
597,expert
598,mz
599,ind.br
600,mm
601,bloxcms.com
602,gob.es
603,church
604,s3-ca-central-1.amazonaws.com
605,gdn
606,s3-website.eu-central-1.amazonaws.com
607,na
608,net.tw
609,s3-us-gov-west-1.amazonaws.com
610,gov.sg
611,nf
612,lat
613,co.tz
614,net.pk
615,direct
616,net.il
617,gob.ve
618,codes
619,exchange
620,go.kr
621,zm
622,mv
623,red
624,dnsalias.com
625,date
626,edu.br
627,s3.ap-northeast-2.amazonaws.com
628,vic.gov.au
629,web.id
630,govt.nz
631,adv.br
632,city
633,menu
634,ru.com
635,bh
636,bw
637,rest
638,azure-mobile.net
639,edu.pe
640,k12.nc.us
641,sc.us
642,org.in
643,eu-4.evennode.com
644,no-ip.biz
645,edu.do
646,pp.ua
647,waw.pl
648,net.ar
649,eus
650,k12.fl.us
651,sp.gov.br
652,ltd.uk
653,sexy
654,pink
655,men
656,al.us
657,applinzi.com
658,bn
659,k12.nj.us
660,ap-northeast-1.elasticbeanstalk.com
661,s3-ap-south-1.amazonaws.com
662,homeip.net
663,or.id
664,pet
665,k12.oh.us
666,or.th
667,zp.ua
668,ac.il
669,lol
670,no-ip.info
671,co.us
672,us-3.evennode.com
673,porn
674,tube
675,ac.nz
676,education
677,nc
678,bike
679,style
680,net.ae
681,bm
682,edu.ua
683,org.ve
684,audio
685,earth
686,lviv.ua
687,msk.ru
688,supplies
689,com.om
690,vn.ua
691,nm.us
692,co.ma
693,pharmacy
694,mine.nu
695,s3-eu-west-2.amazonaws.com
696,nic.in
697,fyi
698,sytes.net
699,rw
700,scot
701,mo
702,amex
703,dyndns.biz
704,business
705,kozow.com
706,coffee
707,edu.sa
708,wtf
709,kpmg
710,co.bw
711,asso.fr
712,com.hn
713,gov.pt
714,eu-west-2.elasticbeanstalk.com
715,com.mk
716,biz.ua
717,academy
718,net.sa
719,bs
720,pg
721,org.my
722,va
723,ac.za
724,go.cr
725,od.ua
726,blogspot.fr
727,id.au
728,mo.us
729,jus.br
730,gov.il
731,go-vip.co
732,community
733,s3-website-us-west-1.amazonaws.com
734,co.mz
735,k12.mn.us
736,k12.sc.us
737,blogspot.com.au
738,org.pk
739,vu
740,com.et
741,bio
742,gov.ae
743,gitlab.io
744,blogspot.in
745,uk.net
746,poznan.pl
747,ky
748,ok.us
749,gov.sa
750,recipes
751,fo
752,rip
753,co.ao
754,uol
755,hosting
756,gi
757,gv.at
758,police.uk
759,com.bh
760,best
761,ap-northeast-2.elasticbeanstalk.com
762,blogspot.com.br
763,edu.uy
764,org.sg
765,net.lb
766,yolasite.com
767,com.na
768,photo
769,fj
770,training
771,co.tt
772,racing
773,k12.ny.us
774,k12.pa.us
775,je
776,net.ru
777,k12.mi.us
778,eng.br
779,gov.ng
780,gov.za
781,com.jo
782,gm
783,com.de
784,paris
785,blogspot.mx
786,directory
787,info.pl
788,gen.tr
789,dj
790,k12.va.us
791,remotewd.com
792,farm
793,careers
794,film
795,srv.br
796,mg.gov.br
797,js.org
798,energy
799,sl
800,com.hr
801,cv
802,inf.br
803,express
804,ist
805,dynu.net
806,k12.mo.us
807,domains
808,tokyo
809,co.ua
810,leclerc
811,k12.ma.us
812,org.py
813,goo
814,com.bn
815,mb.ca
816,sr
817,ms.us
818,platform.sh
819,blogspot.co.id
820,s3.cn-north-1.amazonaws.com.cn
821,sh.cn
822,sb
823,wa.gov.au
824,dyndns.tv
825,hm
826,caspio.com
827,international
828,uno
829,mus.br
830,ct.us
831,co.zm
832,edu.ph
833,gp
834,faith
835,office
836,movie
837,gr.jp
838,ac.cr
839,edu.in
840,getmyip.com
841,ky.us
842,uberspace.de
843,fit
844,wmflabs.org
845,nv.us
846,com.tn
847,kharkov.ua
848,qld.gov.au
849,org.pe
850,ns.ca
851,ac.be
852,pf
853,kh.ua
854,net.ve
855,show
856,game
857,tax
858,lc
859,blogspot.de
860,edu.ng
861,k12.ia.us
862,bf
863,net.sg
864,asn.au
865,deals
866,bt
867,sch.id
868,fed.us
869,engineering
870,ap-southeast-1.elasticbeanstalk.com
871,rs.gov.br
872,krakow.pl
873,realtor
874,golf
875,co.com
876,gob.sv
877,redirectme.net
878,myfritz.net
879,dyndns.info
880,ls
881,law
882,blogspot.it
883,pr.gov.br
884,rhcloud.com
885,ngrok.io
886,gifts
887,kicks-ass.net
888,mw
889,bel.tr
890,pictures
891,blue
892,swiss
893,gratis
894,us.org
895,mc
896,org.eg
897,tur.br
898,wales
899,gob.cl
900,blogspot.nl
901,build
902,re.kr
903,oslo.no
904,tg
905,foundation
906,net.do
907,gda.pl
908,vic.edu.au
909,dreamhosters.com
910,istanbul
911,wang
912,fi.cr
913,com.vc
914,gob.gt
915,adult
916,finance
917,yt
918,k12.il.us
919,nr
920,b.ssl.fastly.net
921,org.es
922,med.br
923,vi
924,sale
925,gal
926,gob.bo
927,cafe
928,if.ua
929,psi.br
930,lg.ua
931,homeoffice.gov.uk
932,loan
933,cloudaccess.net
934,art.br
935,biz.id
936,wroc.pl
937,gallery
938,org.mt
939,ind.in
940,me.us
941,br.com
942,k12.ky.us
943,szczecin.pl
944,gov.qa
945,legal
946,co.ls
947,nh.us
948,bplaced.net
949,cn.com
950,de.us
951,canon
952,tel
953,kim
954,blog.br
955,org.ng
956,blogspot.com.ar
957,edu.ve
958,biz.pl
959,health
960,webcam
961,k12.tr
962,net.hk
963,bj
964,ice
965,tj.cn
966,go.ke
967,bit
968,com.cu
969,vision
970,cnt.br
971,reviews
972,sumy.ua
973,ac.ke
974,com.ro
975,photography
976,k12.ok.us
977,cw
978,meet
979,sd
980,lublin.pl
981,sy
982,com.mo
983,noip.me
984,edu.eg
985,org.uy
986,or.at
987,gov.eg
988,k12.ct.us
989,ye
990,com.ag
991,idv.tw
992,cab
993,az.us
994,post
995,ed.jp
996,cricket
997,odessa.ua
998,co.rs
999,dyndns.ws
1000,s3-website-ap-southeast-1.amazonaws.com
1001,loginto.me
1002,blogspot.ru
1003,sz
1004,art.pl
1005,gob.pa
1006,sony
1007,onion
1008,gd.cn
1009,ks.ua
1010,pa.gov.br
1011,rj.gov.br
1012,ap-southeast-2.elasticbeanstalk.com
1013,ca-central-1.elasticbeanstalk.com
1014,ak.us
1015,gx.cn
1016,sk.ca
1017,pro.br
1018,tn.us
1019,ck
1020,football
1021,k12.al.us
1022,fin.ec
1023,com.ly
1024,lpusercontent.com
1025,cisco
1026,plc.uk
1027,za.net
1028,pizza
1029,gov.af
1030,gub.uy
1031,eti.br
1032,com.al
1033,wroclaw.pl
1034,org.gt
1035,res.in
1036,ath.cx
1037,africa
1038,beer
1039,web.tr
1040,blogspot.com.co
1041,sa.gov.au
1042,arq.br
1043,school.nz
1044,ce.gov.br
1045,ac.ae
1046,go.ug
1047,dog
1048,taxi
1049,berlin
1050,mk.ua
1051,consulting
1052,rv.ua
1053,ren
1054,or.ke
1055,gotdns.com
1056,ddns.me
1057,amsterdam
1058,co.uz
1059,org.ph
1060,debian.net
1061,ads
1062,graphics
1063,blogspot.com.tr
1064,gob.ni
1065,capital
1066,nsw.edu.au
1067,sd.us
1068,keymachine.de
1069,co.vi
1070,mil.id
1071,sc.gov.br
1072,gov.do
1073,net.mv
1074,edu.gt
1075,al.gov.br
1076,org.sa
1077,cg
1078,crs
1079,td
1080,co.ir
1081,black
1082,cloud.fedoraproject.org
1083,zip
1084,hopto.me
1085,gov.py
1086,platformsh.site
1087,casa
1088,edu.ru
1089,co.sz
1090,org.bo
1091,blogspot.pt
1092,flights
1093,gov.mo
1094,nom.es
1095,diet
1096,wv.us
1097,freedesktop.org
1098,ac.rs
1099,to.it
1100,kommune.no
1101,pl.ua
1102,leg.br
1103,biz.vn
1104,mi.it
1105,com.ai
1106,com.mv
1107,co.it
1108,net.ba
1109,fitness
1110,moscow
1111,new
1112,shoes
1113,com.gi
1114,com.sb
1115,te.ua
1116,co.ni
1117,gov.zm
1118,wy.us
1119,cv.ua
1120,net.pe
1121,gov.kz
1122,wa.edu.au
1123,or.tz
1124,mil.br
1125,go.gov.br
1126,edu.lb
1127,fund
1128,net.ni
1129,gov.gr
1130,jp.net
1131,blogspot.se
1132,ba.gov.br
1133,blogspot.gr
1134,weir
1135,selfip.com
1136,abbott
1137,blogspot.tw
1138,katowice.pl
1139,healthcare
1140,myds.me
1141,partners
1142,ac.ug
1143,gov.rw
1144,place
1145,net.ec
1146,ac.tz
1147,vet
1148,s3-website.us-east-2.amazonaws.com
1149,gov.tt
1150,es.gov.br
1151,ma.gov.br
1152,ck.ua
1153,tattoo
1154,gov.mn
1155,prod
1156,cards
1157,ks.us
1158,tv.br
1159,olsztyn.pl
1160,av.tr
1161,toscana.it
1162,k12.de.us
1163,gov.ma
1164,cam
1165,blogspot.jp
1166,blogspot.sg
1167,net.ph
1168,garden
1169,eu-west-3.elasticbeanstalk.com
1170,opole.pl
1171,go.tz
1172,servehttp.com
1173,com.ky
1174,k12.ms.us
1175,aw
1176,cc.ca.us
1177,band
1178,n4t.co
1179,bz.it
1180,com.sl
1181,coop.br
1182,ax
1183,hi.us
1184,boutique
1185,tm.fr
1186,gov.lk
1187,pe.ca
1188,vt.us
1189,town
1190,gov.gi
1191,lg.jp
1192,myftp.org
1193,bzh
1194,myvnc.com
1195,inc
1196,xn--j1amh
1197,kr.ua
1198,ut.us
1199,nfshost.com
1200,c66.me
1201,institute
1202,abc
1203,barclays
1204,blogspot.my
1205,r.cdn77.net
1206,dattoweb.com
1207,thruhere.net
1208,xin
1209,camera
1210,webhop.net
1211,dnsalias.net
1212,mr
1213,estate
1214,k12.az.us
1215,k12.me.us
1216,3utilities.com
1217,dynv6.net
1218,ventures
1219,edu.gr
1220,net.mk
1221,sa.cr
1222,com.nf
1223,gob.hn
1224,tur.ar
1225,s3-website-ap-southeast-2.amazonaws.com
1226,nd.us
1227,nrw
1228,blogspot.be
1229,edu.sv
1230,gov.mk
1231,spdns.de
1232,insure
1233,rzeszow.pl
1234,mt.gov.br
1235,lib.in.us
1236,ski
1237,gov.ps
1238,lombardia.it
1239,bydgoszcz.pl
1240,com.tj
1241,edu.jo
1242,k12.co.us
1243,glass
1244,net.th
1245,gov.ir
1246,adm.br
1247,pe.gov.br
1248,kiwi
1249,gv.ao
1250,my.id
1251,gov.by
1252,dynalias.com
1253,ri.us
1254,how
1255,cci.fr
1256,gov.az
1257,accountant
1258,pb.gov.br
1259,com.fr
1260,wine
1261,org.pt
1262,blogspot.co.il
1263,edu.gh
1264,ne.us
1265,dvrdns.org
1266,org.mk
1267,id.us
1268,net.za
1269,cn.ua
1270,null
1271,quebec
1272,gov.ie
1273,vegas
1274,ac.cy
1275,k12.tx.us
1276,mt.us
1277,sa.com
1278,blogspot.pe
1279,family
1280,serveftp.com
1281,km.ua
1282,goip.de
1283,nb.ca
1284,tours
1285,ms.gov.br
1286,army
1287,edu.iq
1288,qld.edu.au
1289,milano.it
1290,fish
1291,homelinux.net
1292,eco.br
1293,edu.et
1294,gop.pk
1295,fashion
1296,blogspot.com.eg
1297,dental
1298,solar
1299,dyndns-ip.com
1300,or.cr
1301,university
1302,org.do
1303,camp
1304,cymru
1305,tokyo.jp
1306,roma.it
1307,gov.rs
1308,radio
1309,brussels
1310,gov.gh
1311,pe.kr
1312,org.sv
1313,coach
1314,lib.ia.us
1315,fox
1316,net.eg
1317,re.it
1318,alwaysdata.net
1319,blogspot.co.nz
1320,df.gov.br
1321,pp.ru
1322,ru.net
1323,edu.rs
1324,net.py
1325,poltava.ua
1326,kitchen
1327,co.im
1328,gotdns.ch
1329,africa.com
1330,edu.ps
1331,org.lb
1332,com.kz
1333,giize.com
1334,cern
1335,desi
1336,gov.dz
1337,mil.co
1338,vote
1339,biz.tr
1340,salerno.it
1341,s3-website-sa-east-1.amazonaws.com
1342,parts
1343,gov.lv
1344,sr.gov.pl
1345,selfip.net
1346,mywire.org
1347,servegame.com
1348,tuxfamily.org
1349,edu.ni
1350,tv.tr
1351,restaurant
1352,sa.edu.au
1353,bg.it
1354,com.bb
1355,gov.om
1356,zgora.pl
1357,net.mt
1358,gov.mv
1359,ap-south-1.elasticbeanstalk.com
1360,blogspot.ro
1361,gov.lb
1362,gov.al
1363,org.cy
1364,agr.br
1365,na.it
1366,com.bs
1367,blogspot.ch
1368,ac.lk
1369,bo.it
1370,servebeer.com
1371,horse
1372,net.om
1373,uz.ua
1374,green
1375,dance
1376,gov.ge
1377,lib.ar.us
1378,mp.br
1379,net.tt
1380,nl.ca
1381,kn
1382,bot
1383,dynns.com
1384,webredirect.org
1385,ln.cn
1386,sklep.pl
1387,edu.it
1388,org.ni
1389,bialystok.pl
1390,gov.ba
1391,net.qa
1392,org.af
1393,ac.ma
1394,edu.py
1395,imb.br
1396,xn--p1acf
1397,ngo
1398,no-ip.net
1399,s3.dualstack.ap-northeast-1.amazonaws.com
1400,myjino.ru
1401,limited
1402,fi.it
1403,ha.cn
1404,com.la
1405,nra
1406,spdns.org
1407,ac.zw
1408,dating
1409,gov.cy
1410,koeln
1411,wedding
1412,org.rs
1413,blogspot.hk
1414,mil.ve
1415,gov.mz
1416,org.gr
1417,co.rw
1418,toys
1419,notaires.fr
1420,clinic
1421,fans
1422,xn--80asehdb
1423,casino
1424,g12.br
1425,gotdns.org
1426,maori.nz
1427,veneto.it
1428,jewelry
1429,org.bz
1430,rn.gov.br
1431,tv.bo
1432,forsale
1433,radom.pl
1434,youtube
1435,s3-website-ap-northeast-1.amazonaws.com
1436,vacations
1437,ac.mz
1438,lib.al.us
1439,lima-city.de
1440,compute.amazonaws.com
1441,shopping
1442,blogspot.hu
1443,tn.it
1444,edu.af
1445,basketball
1446,oz.au
1447,firenze.it
1448,gen.nz
1449,homedns.org
1450,org.zw
1451,tas.gov.au
1452,warszawa.pl
1453,bayern
1454,gov.jo
1455,actor
1456,gov.cl
1457,fail
1458,haus
1459,taipei
1460,properties
1461,tychy.pl
1462,eco
1463,64-b.it
1464,edu.es
1465,yoga
1466,blogspot.ie
1467,edu.mk
1468,ne.kr
1469,net.gt
1470,ra.it
1471,edu.qa
1472,promo
1473,edu.kz
1474,k12.md.us
1475,lib.mi.us
1476,lib.oh.us
1477,nh-serv.co.uk
1478,gov.pr
1479,net.ma
1480,mayfirst.org
1481,org.qa
1482,s3-ap-northeast-2.amazonaws.com
1483,aeroport.fr
1484,b.br
1485,vanguard
1486,blogspot.kr
1487,android
1488,nt.ca
1489,vin
1490,ddnsking.com
1491,crimea.ua
1492,gmbh
1493,mil.ru
1494,napoli.it
1495,neustar
1496,bounceme.net
1497,fedorapeople.org
1498,loans
1499,org.ro
1500,clothing
1501,org.zm
1502,med.sa
1503,marche.it
1504,noip.us
1505,builders
1506,fvg.it
1507,k12.nv.us
1508,com.ba
1509,ooguy.com
1510,frl
1511,nf.ca
1512,casacam.net
1513,net.kg
1514,edu.bo
1515,lib.mn.us
1516,hamburg
1517,lutsk.ua
1518,gov.kw
1519,bingo
1520,gov.ve
1521,myftp.biz
1522,net.gr
1523,no.com
1524,trust
1525,wien
1526,za.com
1527,gov.gy
1528,immo
1529,to.gov.br
1530,llc
1531,s3-website.ap-south-1.amazonaws.com
1532,in-berlin.de
1533,homelinux.com
1534,webhosting.be
1535,sa-east-1.elasticbeanstalk.com
1536,edu.pt
1537,net.uy
1538,sch.ng
1539,credit
1540,k12.ut.us
1541,kalisz.pl
1542,cars
1543,lib.me.us
1544,yk.ca
1545,iki.fi
1546,k12.nm.us
1547,med.ec
1548,nx.cn
1549,pila.pl
1550,gleeze.com
1551,muni.il
1552,gn
1553,piemonte.it
1554,com.bm
1555,donetsk.ua
1556,vi.it
1557,gov.ky
1558,k12.mt.us
1559,schwarz
1560,org.mz
1561,dnsfor.me
1562,info.vn
1563,s3-website.ap-northeast-2.amazonaws.com
1564,ac.ru
1565,blogspot.fi
1566,se.gov.br
1567,gov.bs
1568,js.cn
1569,or.ug
1570,am.gov.br
1571,diskstation.me
1572,co.om
1573,com.by
1574,vlaanderen
1575,gdynia.pl
1576,cu.cc
1577,gov.et
1578,url.tw
1579,gw
1580,kherson.ua
1581,bs.it
1582,gliwice.pl
1583,lib.tx.us
1584,ro.gov.br
1585,computer
1586,construction
1587,blogspot.cl
1588,edu.kw
1589,vipsinaapp.com
1590,edu.ee
1591,holiday
1592,moda
1593,org.mo
1594,torino.it
1595,auction
1596,mo.it
1597,s3-website.eu-west-2.amazonaws.com
1598,vr.it
1599,luxury
1600,nom.fr
1601,com.to
1602,srl
1603,blogspot.no
1604,miami
1605,poker
1606,you
1607,java
1608,edu.om
1609,emilia-romagna.it
1610,rr.gov.br
1611,s3-eu-west-3.amazonaws.com
1612,edu.mt
1613,freeddns.org
1614,jpn.com
1615,miniserver.com
1616,college
1617,com.lk
1618,hk.cn
1619,net.bo
1620,diamonds
1621,fan
1622,k12.wy.us
1623,mobile
1624,blogspot.cz
1625,blogspot.dk
1626,gov.iq
1627,mortgage
1628,org.gh
1629,org.ir
1630,barclaycard
1631,mydrobo.com
1632,brother
1633,nsn.us
1634,associates
1635,edu.sd
1636,gov.tn
1637,org.jo
1638,rent
1639,km
1640,za.org
1641,mil.ng
1642,co.pl
1643,jor.br
1644,on-aptible.com
1645,org.ma
1646,edu.pa
1647,media.pl
1648,rentals
1649,cloudns.org
1650,mq
1651,org.bw
1652,com.dz
1653,edu.hn
1654,lib.la.us
1655,va.it
1656,co.ae
1657,nm.cn
1658,gov.bh
1659,med
1660,camdvr.org
1661,er
1662,gu
1663,czest.pl
1664,eu.int
1665,aq
1666,blogspot.ae
1667,edu.cu
1668,edu.mo
1669,itv
1670,mypi.co
1671,pv.it
1672,theworkpc.com
1673,enterprises
1674,net.ng
1675,homelinux.org
1676,repair
1677,auto.pl
1678,dy.fi
1679,madrid
1680,gf
1681,name.vn
1682,ddnss.de
1683,etc.br
1684,avocat.fr
1685,lib.il.us
1686,ppg.br
1687,equipment
1688,pd.it
1689,umbria.it
1690,aq.it
1691,elblag.pl
1692,lease
1693,lib.sc.us
1694,lubin.pl
1695,tatar
1696,ed.cr
1697,fastvps-server.com
1698,s3-website.eu-west-3.amazonaws.com
1699,space-to-rent.com
1700,productions
1701,blogspot.co.at
1702,info.ve
1703,mi.th
1704,property
1705,ac.pa
1706,gouv.ml
1707,gov.bt
1708,gouv.ht
1709,seven
1710,tv.it
1711,claims
1712,cn.it
1713,gb.net
1714,cechire.com
1715,hsbc
1716,ltda
1717,zt.ua
1718,dyndns-server.com
1719,gov.bb
1720,gov.sl
1721,edu.tt
1722,gop
1723,gouv.ci
1724,lighting
1725,net.bn
1726,off
1727,org.al
1728,singles
1729,slupsk.pl
1730,cri.nz
1731,gov.bn
1732,k12.nh.us
1733,s3.dualstack.ap-southeast-2.amazonaws.com
1734,xn--80adxhks
1735,inf.cu
1736,lr
1737,bible
1738,freeboxos.fr
1739,gent
1740,webhop.org
1741,barcelona
1742,gmail
1743,bytom.pl
1744,co.nl
1745,elk.pl
1746,lawyer
1747,pi.gov.br
1748,saarland
1749,ud.it
1750,auto
1751,esp.br
1752,gov.sd
1753,in.rs
1754,k12.id.us
1755,blogspot.com.ng
1756,edu.al
1757,fk
1758,net.sb
1759,puglia.it
1760,bitballoon.com
1761,edu.dz
1762,surf
1763,jetzt
1764,fm.br
1765,gos.pk
1766,lib.ca.us
1767,info.tr
1768,outsystemscloud.com
1769,slask.pl
1770,tirol
1771,study
1772,gov.ly
1773,kyiv.ua
1774,plumbing
1775,tienda
1776,kp
1777,mil.ec
1778,pg.it
1779,me.it
1780,trieste.it
1781,mba
1782,contractors
1783,vet.br
1784,financial
1785,forex
1786,hk.com
1787,pn.it
1788,pulawy.pl
1789,lgbt
1790,demon.nl
1791,pr.it
1792,bv
1793,legnica.pl
1794,dd-dns.de
1795,dnsalias.org
1796,dontexist.com
1797,gov.zw
1798,malopolska.pl
1799,nieruchomosci.pl
1800,onthewifi.com
1801,org.pa
1802,bologna.it
1803,net.kw
1804,org.tt
1805,ruhr
1806,serveftp.net
1807,sydney
1808,xn--90ais
1809,cloudaccess.host
1810,geek.nz
1811,gov.kg
1812,com.gn
1813,gov.sy
1814,gdansk.pl
1815,gov.ml
1816,info.hu
1817,yahoo
1818,av.it
1819,sj
1820,apartments
1821,ar.com
1822,dynalias.net
1823,edu.sy
1824,org.ge
1825,s3.dualstack.eu-central-1.amazonaws.com
1826,com.tt
1827,doesntexist.com
1828,dyndns-remote.com
1829,edu.ba
1830,mom
1831,co.je
1832,coop.py
1833,pp.se
1834,so.it
1835,webhop.me
1836,limo
1837,desa.id
1838,gov.la
1839,memset.net
1840,cn-north-1.eb.amazonaws.com.cn
1841,s3.dualstack.eu-west-3.amazonaws.com
1842,bj.cn
1843,com.bt
1844,org.gg
1845,rugby
1846,gov.mw
1847,nagoya
1848,sandvik
1849,serveirc.com
1850,square7.ch
1851,ddnsfree.com
1852,lib.wi.us
1853,s3-website.ca-central-1.amazonaws.com
1854,s3.dualstack.us-east-2.amazonaws.com
1855,ve.it
1856,beep.pl
1857,fe.it
1858,x443.pw
1859,jl.cn
1860,soy
1861,firm.in
1862,investments
1863,konin.pl
1864,nico
1865,point2this.com
1866,k12.ne.us
1867,tennis
1868,ddnsgeek.com
1869,lib.ms.us
1870,mn.it
1871,myddns.rocks
1872,nov.ru
1873,schule
1874,sosnowiec.pl
1875,gov.ws
1876,edu.bh
1877,edu.bn
1878,gb
1879,lib.md.us
1880,chrome
1881,from-il.com
1882,security
1883,eun.eg
1884,gov.bm
1885,hs.kr
1886,padova.it
1887,ras.ru
1888,soccer
1889,industries
1890,melbourne
1891,microsoft
1892,nom.br
1893,ge.it
1894,gz.cn
1895,health.nz
1896,hockey
1897,k12.ks.us
1898,uw.gov.pl
1899,blogspot.co.za
1900,holdings
1901,info.ro
1902,nsupdate.info
1903,ong
1904,org.bt
1905,servemp3.com
1906,co.gy
1907,mh
1908,org.dz
1909,futbol
1910,name.ng
1911,rm.it
1912,servecounterstrike.com
1913,sicilia.it
1914,xn--54b7fta0cc
1915,dynalias.org
1916,cc.nj.us
1917,com.ee
1918,quipelements.com
1919,archi
1920,net.mo
1921,net.pa
1922,web.ve
1923,campania.it
1924,org.bb
1925,rio.br
1926,serveminecraft.net
1927,siena.it
1928,co.no
1929,honda
1930,tcp4.me
1931,com.az
1932,pisz.pl
1933,ac.vn
1934,far.br
1935,name.tr
1936,osaka.jp
1937,sd.cn
1938,ug.gov.pl
1939,vt.it
1940,williamhill
1941,dyndns-home.com
1942,rg.it
1943,shop.hu
1944,does-it.net
1945,fot.br
1946,furniture
1947,mypsx.net
1948,rybnik.pl
1949,cologne
1950,blogspot.sk
1951,insurance
1952,irish
1953,org.kw
1954,pointto.us
1955,sampa.br
1956,blogspot.bg
1957,edu.za
1958,net.cu
1959,net.tn
1960,spb.su
1961,lazio.it
1962,bio.br
1963,okinawa
1964,sbi
1965,secure
1966,doctor
1967,mb.it
1968,net.rw
1969,odo.br
1970,org.ls
1971,pro.vn
1972,ct.it
1973,mov
1974,s3.dualstack.eu-west-2.amazonaws.com
1975,so.gov.pl
1976,zj.cn
1977,dentist
1978,itau
1979,lib.nj.us
1980,seoul.kr
1981,dscloud.me
1982,genova.it
1983,gouv.sn
1984,inf.ua
1985,mielec.pl
1986,no-ip.ca
1987,org.ae
1988,spdns.eu
1989,xn--d1acj3b
1990,ap.gov.br
1991,gov.tl
1992,jx.cn
1993,now
1994,web.pk
1995,al.it
1996,co.gg
1997,le.it
1998,pisa.it
1999,serveblog.net
2000,softbank
2001,walbrzych.pl
2002,from-ks.com
2003,idf.il
2004,k12.ri.us
2005,k12.tn.us
2006,liguria.it
2007,org.az
2008,pri.ee
2009,hiroshima.jp
2010,nat.tn
2011,sm.ua
2012,cc.ms.us
2013,is-a-geek.com
2014,priv.no
2015,ac.rw
2016,brescia.it
2017,org.je
2018,org.kz
2019,servepics.com
2020,wpcomstaging.com
2021,xen.prgmr.com
2022,cs.it
2023,data
2024,edu.az
2025,jgora.pl
2026,org.ba
2027,prato.it
2028,priv.at
2029,psc.br
2030,saxo
2031,fage
2032,flowers
2033,game.tw
2034,poa.br
2035,sa.it
2036,venezia.it
2037,weber
2038,landrover
2039,org.im
2040,wedeploy.io
2041,baby
2042,corsica
2043,flynnhub.com
2044,net.ly
2045,rehab
2046,s3.dualstack.sa-east-1.amazonaws.com
2047,sardegna.it
2048,ac.zm
2049,blogspot.co.ke
2050,edu.ky
2051,kolobrzeg.pl
2052,magentosite.cloud
2053,pa.it
2054,selfip.org
2055,agrinet.tn
2056,attorney
2057,catering
2058,edu.ge
2059,hotmail
2060,i234.me
2061,org.na
2062,org.sz
2063,ca.it
2064,com.gu
2065,courses
2066,gen.in
2067,gotpantheon.com
2068,transurl.nl
2069,xn--9dbq2a
2070,krd
2071,chambagri.fr
2072,is.it
2073,kaufen
2074,lib.ny.us
2075,org.ky
2076,org.mv
2077,reisen
2078,ac.gov.br
2079,broke-it.net
2080,com.lv
2081,fj.cn
2082,k12.ak.us
2083,store.ro
2084,gniezno.pl
2085,lo.it
2086,org.bh
2087,s3-fips-us-gov-west-1.amazonaws.com
2088,viajes
2089,apple
2090,bmw
2091,gr.it
2092,kyoto.jp
2093,net.gy
2094,org.lv
2095,s3.dualstack.ap-northeast-2.amazonaws.com
2096,triton.zone
2097,voyage
2098,co.na
2099,com.uz
2100,dyndns-web.com
2101,rio
2102,s3.dualstack.ca-central-1.amazonaws.com
2103,blogspot.rs
2104,exposed
2105,i.ng
2106,iwi.nz
2107,or.it
2108,org.cu
2109,org.ly
2110,organic
2111,perugia.it
2112,act.edu.au
2113,open
2114,coupons
2115,crown
2116,feedback
2117,lib.mo.us
2118,mil.pl
2119,pictet
2120,sch.ae
2121,dyndns-office.com
2122,kyoto
2123,map
2124,no.it
2125,ntt
2126,sport
2127,bbs.tr
2128,com.vu
2129,gov.bz
2130,k12.il
2131,mobi.ng
2132,s3.dualstack.ap-south-1.amazonaws.com
2133,docs
2134,001www.com
2135,bplaced.de
2136,co.me
2137,suwalki.pl
2138,bing
2139,co.mu
2140,gov.ec
2141,homeunix.com
2142,nerdpol.ovh
2143,org.om
2144,po.gov.pl
2145,club.tw
2146,vda.it
2147,com.zm
2148,gov.mg
2149,med.pl
2150,salon
2151,audi
2152,cc.il.us
2153,co.mw
2154,edu.lv
2155,homeftp.net
2156,ntdll.top
2157,tickets
2158,xn--c1avg
2159,cr.it
2160,gov.tm
2161,hokkaido.jp
2162,net.cy
2163,net.ge
2164,servequake.com
2165,trapani.it
2166,0emm.com
2167,ba.it
2168,gov.to
2169,komatsu
2170,edu.mn
2171,forumz.info
2172,malbork.pl
2173,rnrt.tn
2174,swidnica.pl
2175,familyds.com
2176,net.jo
2177,org.ee
2178,play
2179,rimini.it
2180,com.ci
2181,com.gy
2182,experts-comptables.fr
2183,kicks-ass.org
2184,kred
2185,lib.nc.us
2186,net.je
2187,org.sb
2188,rns.tn
2189,sa.gov.pl
2190,stargard.pl
2191,verona.it
2192,ah.cn
2193,biz.pk
2194,cc.ga.us
2195,cieszyn.pl
2196,engineer
2197,gb.com
2198,jaguar
2199,sanok.pl
2200,vgs.no
2201,an.it
2202,cheap
2203,gov.gu
2204,net.lv
2205,org.hu
2206,uzhgorod.ua
2207,xn--55qx5d
2208,abruzzo.it
2209,ag.it
2210,cc.al.us
2211,ceo
2212,com.mg
2213,info.tn
2214,net.gn
2215,nt.ro
2216,observer
2217,org.gy
2218,ostroleka.pl
2219,vapor.cloud
2220,azure
2221,bcn
2222,bedzin.pl
2223,caltanissetta.it
2224,com.lc
2225,dep.no
2226,dnsup.net
2227,edu.gu
2228,fr.it
2229,off.ai
2230,video.hu
2231,ac.me
2232,meteorapp.com
2233,on-web.fr
2234,rep.kp
2235,tm.ro
2236,www.ro
2237,bargains
2238,bergamo.it
2239,co.ci
2240,eu-2.evennode.com
2241,media.hu
2242,net.az
2243,org.ai
2244,szex.hu
2245,hot
2246,modena.it
2247,msk.su
2248,ne.ke
2249,net.bb
2250,pi.it
2251,servebbs.com
2252,yokohama
2253,ap.gov.pl
2254,com.sy
2255,cooking
2256,country
2257,dscloud.biz
2258,ind.tn
2259,net.nf
2260,org.bn
2261,org.et
2262,org.hn
2263,realestate
2264,search
2265,xn--3ds443g
2266,am.br
2267,appchizi.com
2268,axa
2269,glogow.pl
2270,hn.cn
2271,org.pr
2272,org.tn
2273,sex.hu
2274,sp.leg.br
2275,accesscam.org
2276,dnsdojo.com
2277,gives
2278,kiwi.nz
2279,net.bt
2280,org.ag
2281,sld.pa
2282,suli.hu
2283,sv.it
2284,theater
2285,agro.pl
2286,blogspot.com.uy
2287,co.bb
2288,home.dyndns.org
2289,nagano.jp
2290,pc.pl
2291,pub.sa
2292,rec.ro
2293,rnu.tn
2294,lakas.hu
2295,mil.kz
2296,net.bz
2297,net.dz
2298,of.by
2299,org.gi
2300,org.gu
2301,wloclawek.pl
2302,arts.ve
2303,bn.it
2304,cloud.goog
2305,cloudns.cc
2306,edu.lk
2307,firm.nf
2308,firm.ro
2309,info.co
2310,info.nf
2311,ing
2312,markets
2313,mazury.pl
2314,net.bh
2315,net.im
2316,net.ky
2317,net.pr
2318,news.hu
2319,nom.ro
2320,nysa.pl
2321,org.gn
2322,toyota
2323,web.do
2324,arts.nf
2325,cc.fl.us
2326,com.ht
2327,dedyn.io
2328,emr.it
2329,firm.ve
2330,net.ag
2331,net.gg
2332,net.mu
2333,ngo.ph
2334,org.mu
2335,podzone.net
2336,s5y.io
2337,web.co
2338,xn--80aswg
2339,xn--fiqs8s
2340,augustow.pl
2341,bhz.br
2342,int.vn
2343,lib.va.us
2344,net.al
2345,other.nf
2346,pvt.ge
2347,rec.br
2348,rec.co
2349,rec.nf
2350,store.nf
2351,tas.edu.au
2352,tm.mc
2353,web.nf
2354,catania.it
2355,cl.it
2356,cq.cn
2357,firm.co
2358,int.bo
2359,ltd.gi
2360,net.gu
2361,net.kz
2362,net.vi
2363,org.vi
2364,store.ve
2365,zakopane.pl
2366,a.prod.fastly.net
2367,blogspot.hr
2368,career
2369,com.sd
2370,fin.tn
2371,not.br
2372,rec.ve
2373,trading
2374,travel.pl
2375,xn--io0a7i
2376,bbva
2377,cc.ua
2378,edu.bz
2379,jll
2380,navy
2381,net.et
2382,nu.ca
2383,selfip.info
2384,blogspot.md
2385,dnshome.de
2386,florist
2387,pc.it
2388,tp.it
2389,turek.pl
2390,ufcfan.org
2391,arezzo.it
2392,degree
2393,gov.sb
2394,immobilien
2395,kanagawa.jp
2396,physio
2397,day
2398,es.kr
2399,from-ga.com
2400,lc.it
2401,olawa.pl
2402,capetown
2403,intuit
2404,lecco.it
2405,trento.it
2406,abudhabi
2407,cb.it
2408,ce.it
2409,dontexist.org
2410,sapporo.jp
2411,sch.ir
2412,volyn.ua
2413,abc.br
2414,calabria.it
2415,edu.ly
2416,fedorainfracloud.org
2417,gorlice.pl
2418,hiphop
2419,i2p
2420,kharkiv.ua
2421,lu.it
2422,rn.it
2423,shizuoka.jp
2424,fishing
2425,gmina.pl
2426,hb.cn
2427,medecin.fr
2428,pol.tr
2429,polkowice.pl
2430,rodeo
2431,bari.it
2432,blogspot.com.by
2433,buy
2434,dh.bytemark.co.uk
2435,drive
2436,edu.krd
2437,hitachi
2438,jdevcloud.com
2439,klodzko.pl
2440,lib.co.us
2441,ltd.ua
2442,serveftp.org
2443,agric.za
2444,basilicata.it
2445,fc.it
2446,gov.lr
2447,net.ms
2448,presse.fr
2449,aichi.jp
2450,at.it
2451,com.ps
2452,gob.pk
2453,hepforge.org
2454,joburg
2455,orange
2456,pu.it
2457,realty
2458,sopot.pl
2459,vb.it
2460,com.iq
2461,gov.bf
2462,mil.do
2463,mil.no
2464,ostroda.pl
2465,se.net
2466,wielun.pl
2467,32-b.it
2468,alsace
2469,altoadige.it
2470,bsb.br
2471,compute-1.amazonaws.com
2472,from.hr
2473,pe.it
2474,selfip.biz
2475,boston
2476,cc.ia.us
2477,codespot.com
2478,fg.it
2479,homeunix.net
2480,k12.vt.us
2481,servep2p.com
2482,cc.tx.us
2483,jaworzno.pl
2484,livorno.it
2485,olkusz.pl
2486,udi.br
2487,zagan.pl
2488,12hp.de
2489,gov.lc
2490,is-by.us
2491,man
2492,office-on-the.net
2493,sarl
2494,star
2495,vlog.br
2496,bl.it
2497,ch.it
2498,co.business
2499,comcast
2500,edeka
2501,free
2502,from-md.com
2503,hicam.net
2504,hu.com
2505,ilawa.pl
2506,lib.de.us
2507,wiki.br
2508,ap.it
2509,ar.it
2510,brasilia.me
2511,ddnslive.com
2512,foo
2513,gov.nc.tr
2514,nc.tr
2515,phone
2516,shop.pl
2517,vicenza.it
2518,accountants
2519,active
2520,blogspot.lt
2521,karpacz.pl
2522,lib.pa.us
2523,myfirewall.org
2524,per.sg
2525,poivron.org
2526,rc.it
2527,ro.it
2528,sandcats.io
2529,ac.mw
2530,bieszczady.pl
2531,cleaning
2532,damnserver.com
2533,lib.ks.us
2534,org.mw
2535,total
2536,wodzislaw.pl
2537,blogdns.net
2538,blogspot.mk
2539,cloudns.asia
2540,creditunion
2541,dyndns-blog.com
2542,forgot.his.name
2543,kutno.pl
2544,ses
2545,szkola.pl
2546,webhop.biz
2547,ac.mu
2548,blogspot.qa
2549,blogsyte.com
2550,com.cm
2551,emp.br
2552,gov.cm
2553,hiv
2554,lib.ok.us
2555,lomza.pl
2556,mini
2557,ancona.it
2558,blackfriday
2559,homes
2560,lib.fl.us
2561,nflfan.org
2562,schmidt
2563,swiebodzin.pl
2564,blogsite.org
2565,blogspot.si
2566,chirurgiens-dentistes.fr
2567,foz.br
2568,luxe
2569,mail.pl
2570,okayama.jp
2571,press.ma
2572,pt.it
2573,surgery
2574,wpdevcloud.com
2575,lugansk.ua
2576,mie.jp
2577,org.ug
2578,ta.it
2579,we.bs
2580,web.lk
2581,cdn77-ssl.net
2582,dvag
2583,fukui.jp
2584,gouv.bj
2585,gov.sc
2586,lib.nh.us
2587,no-ip.co.uk
2588,nom.co
2589,prime
2590,saitama.jp
2591,sci.eg
2592,tr.it
2593,villas
2594,fbxos.fr
2595,gle
2596,kartuzy.pl
2597,li.it
2598,mielno.pl
2599,okinawa.jp
2600,osasco.br
2601,palermo.it
2602,servehalflife.com
2603,target
2604,ts.it
2605,vodka
2606,a.se
2607,cruises
2608,edu.bb
2609,edu.mv
2610,familyds.net
2611,guitars
2612,lel.br
2613,lidl
2614,lt.it
2615,mil.pe
2616,servebbs.net
2617,sr.it
2618,telefonica
2619,blogspot.lu
2620,citic
2621,co.network
2622,com.lr
2623,def.br
2624,fhsk.se
2625,gov.gn
2626,grosseto.it
2627,mil.uy
2628,rovno.ua
2629,turystyka.pl
2630,baidu
2631,cloudns.club
2632,edu.sc
2633,gov.me
2634,iwate.jp
2635,net.eu.org
2636,pistoia.it
2637,vinnica.ua
2638,wolomin.pl
2639,aol
2640,chiba.jp
2641,cim.br
2642,feste-ip.net
2643,hi.cn
2644,mc.it
2645,mil.ph
2646,ostrowiec.pl
2647,sjc.br
2648,sucks
2649,azurecontainer.io
2650,blogspot.sn
2651,bom
2652,bt.it
2653,diskstation.org
2654,dot
2655,dyndns-free.com
2656,dyndns-mail.com
2657,dyndns-work.com
2658,it.ao
2659,jcb
2660,limanowa.pl
2661,ms.kr
2662,my-wan.de
2663,parma.it
2664,school.za
2665,sex.pl
2666,webhop.info
2667,czeladz.pl
2668,dc.us
2669,doomdns.com
2670,id.lv
2671,mat.br
2672,msd
2673,podzone.org
2674,securitytactics.com
2675,ss.it
2676,varese.it
2677,xn--fiq228c5hs
2678,accenture
2679,boleslawiec.pl
2680,gov.dm
2681,gov.tj
2682,idv.hk
2683,ishikawa.jp
2684,nagoya.jp
2685,seat
2686,sx.cn
2687,treviso.it
2688,vpndns.net
2689,blogspot.com.cy
2690,call
2691,como.it
2692,cuneo.it
2693,ddnss.org
2694,fukuoka.jp
2695,fukushima.jp
2696,gov.mr
2697,is-a-geek.net
2698,ismaili
2699,myasustor.com
2700,pomorskie.pl
2701,radio.br
2702,ri.it
2703,sc.ke
2704,sn.cn
2705,stuff-4-sale.us
2706,xn--6qq986b3xl
2707,16-b.it
2708,cloudns.pro
2709,co.place
2710,dnsdojo.net
2711,dsmynas.com
2712,endofinternet.net
2713,fr.eu.org
2714,gov.ki
2715,gov.lt
2716,ibm
2717,lowicz.pl
2718,next
2719,olecko.pl
2720,parliament.nz
2721,rwe
2722,sca
2723,akita.jp
2724,art.museum
2725,fortal.br
2726,freeddns.us
2727,is-a-geek.org
2728,mlbfan.org
2729,pescara.it
2730,sp.it
2731,tmp.br
2732,ups
2733,zarow.pl
2734,aig
2735,bi.it
2736,br.it
2737,cc.or.us
2738,istmein.de
2739,jcp
2740,likescandy.com
2741,miyagi.jp
2742,mragowo.pl
2743,niigata.jp
2744,org.la
2745,read
2746,riik.ee
2747,sas
2748,sejny.pl
2749,te.it
2750,aaa
2751,advisor.ws
2752,barueri.br
2753,condos
2754,edu.mz
2755,go.it
2756,ham-radio-op.net
2757,hyogo.jp
2758,lib.ut.us
2759,lucca.it
2760,mil.ar
2761,molise.it
2762,nara.jp
2763,oz
2764,sch.lk
2765,swinoujscie.pl
2766,uber.space
2767,caserta.it
2768,floripa.br
2769,from-ca.com
2770,info.ec
2771,jnj
2772,minato.tokyo.jp
2773,nikolaev.ua
2774,temp-dns.com
2775,zgorzelec.pl
2776,blogdns.com
2777,blogspot.ba
2778,booking
2779,cc.ok.us
2780,fhs.no
2781,gsm.pl
2782,lib.ma.us
2783,maison
2784,mil.my
2785,monash
2786,org.sd
2787,piacenza.it
2788,priv.pl
2789,quicksytes.com
2790,sch.sa
2791,web.za
2792,asti.it
2793,bbc
2794,better-than.tv
2795,blogspot.al
2796,dell
2797,hl.cn
2798,ibaraki.jp
2799,kepno.pl
2800,loseyourip.com
2801,my-router.de
2802,now-dns.top
2803,org.se
2804,pharmacien.fr
2805,prd.fr
2806,shiksha
2807,si.it
2808,vic.au
2809,xn--3e0b707e
2810,yokohama.jp
2811,belluno.it
2812,firewall-gateway.com
2813,geometre-expert.fr
2814,int.ar
2815,itabashi.tokyo.jp
2816,jab.br
2817,memorial
2818,mil.nz
2819,ms.it
2820,ownip.net
2821,pay
2822,pordenone.it
2823,sener
2824,wios.gov.pl
2825,apigee.io
2826,biella.it
2827,cc.tn.us
2828,com.se
2829,crafting.xyz
2830,cremona.it
2831,hospital
2832,kumamoto.jp
2833,lebork.pl
2834,lib.ga.us
2835,lodi.it
2836,net.sy
2837,omachi.nagano.jp
2838,sebastopol.ua
2839,servegame.org
2840,teva
2841,us-gov-west-1.elasticbeanstalk.com
2842,vc.it
2843,vm.bytemark.co.uk
2844,xn--90ae
2845,blogdns.org
2846,blogspot.am
2847,blogspot.ug
2848,broker
2849,cal
2850,dontexist.net
2851,dyndns-at-home.com
2852,gunma.jp
2853,homeunix.org
2854,kr.com
2855,lapy.pl
2856,mil.cl
2857,mit
2858,my-gateway.de
2859,pomorze.pl
2860,read-books.org
2861,suginami.tokyo.jp
2862,swidnik.pl
2863,wegrow.pl
2864,alt.za
2865,ao.it
2866,bazar
2867,blogspot.com.ee
2868,com.kg
2869,gru.br
2870,ivanovo.su
2871,jeju.kr
2872,jmp
2873,lib
2874,mantova.it
2875,net.ir
2876,novara.it
2877,reit
2878,scb
2879,select
2880,sells-it.net
2881,storage
2882,tottori.jp
2883,toyama.jp
2884,xn--tckwe
2885,adachi.tokyo.jp
2886,cc.nm.us
2887,chase
2888,dynvpn.de
2889,ehime.jp
2890,endofinternet.org
2891,hb.cldmail.ru
2892,rich
2893,sc.ug
2894,sharp
2895,yamagata.jp
2896,blogspot.com.mt
2897,ecn.br
2898,gov.vc
2899,intel
2900,is-a-personaltrainer.com
2901,lukow.pl
2902,mozilla-iot.org
2903,museum.no
2904,mypets.ws
2905,org.lr
2906,ot.it
2907,port.fr
2908,rieti.it
2909,sos.pl
2910,tarnobrzeg.pl
2911,toyonaka.osaka.jp
2912,weather
2913,yokkaichi.mie.jp
2914,zone.id
2915,bialowieza.pl
2916,co.cz
2917,durban
2918,edu.bt
2919,freesite.host
2920,inc.hk
2921,int.ru
2922,juniper
2923,k12.ec
2924,manaus.br
2925,mazowsze.pl
2926,messina.it
2927,mil.kr
2928,oita.jp
2929,org.ps
2930,palmas.br
2931,sc.cn
2932,szczytno.pl
2933,tm.pl
2934,ustka.pl
2935,walmart
2936,xn--6frz82g
2937,doesntexist.org
2938,dyn-o-saur.com
2939,edu.kg
2940,gripe
2941,myeffect.net
2942,nt.edu.au
2943,org.mn
2944,smart
2945,srt
2946,tires
2947,twmail.org
2948,vix.br
2949,christmas
2950,cleverapps.io
2951,com.nr
2952,contact
2953,dnsking.ch
2954,drayddns.com
2955,juegos
2956,knowsitall.info
2957,latina.it
2958,m.se
2959,riopreto.br
2960,versicherung
2961,zara
2962,aland.fi
2963,blogspot.is
2964,cc.md.us
2965,communications.museum
2966,edu.bs
2967,edu.mg
2968,endoftheinternet.org
2969,forum.hu
2970,k12.dc.us
2971,monza.it
2972,net.la
2973,now-dns.net
2974,plo.ps
2975,pz.it
2976,realm.cz
2977,save
2978,shell
2979,skoczow.pl
2980,stc
2981,um.gov.pl
2982,workisboring.com
2983,abb
2984,bplaced.com
2985,ciscofreak.com
2986,citi
2987,ford
2988,go.dyndns.org
2989,gov.ls
2990,isa-geek.org
2991,kr.it
2992,kwpsp.gov.pl
2993,mil.za
2994,mma
2995,net.pt
2996,rr.leg.br
2997,samsung
2998,sch.qa
2999,skype
3000,windows
3001,airline.aero
3002,airport.aero
3003,cosenza.it
3004,csc
3005,dvrcam.info
3006,dyndns-at-work.com
3007,en.it
3008,ens.tn
3009,for-our.info
3010,game-host.org
3011,gov.kn
3012,gov.ms
3013,huissier-justice.fr
3014,kagoshima.jp
3015,kep.tr
3016,matera.it
3017,nagasaki.jp
3018,pin
3019,podhale.pl
3020,protection
3021,pruszkow.pl
3022,stockholm
3023,wakayama.jp
3024,xerox
3025,xn--ses554g
3026,anz
3027,book
3028,c.la
3029,coin
3030,com.ug
3031,final
3032,homeftp.org
3033,ketrzyn.pl
3034,kpn
3035,krasnik.pl
3036,lib.or.us
3037,myiphost.com
3038,oracle
3039,oristano.it
3040,podlasie.pl
3041,ricoh
3042,taranto.it
3043,udine.it
3044,yamanashi.jp
3045,ae.org
3046,aomori.jp
3047,beskidy.pl
3048,caxias.br
3049,forum
3050,icbc
3051,k12.vi
3052,lamborghini
3053,lezajsk.pl
3054,logoip.de
3055,netflix
3056,tgory.pl
3057,trentino.it
3058,tula.su
3059,uy.com
3060,veterinaire.fr
3061,viterbo.it
3062,aju.br
3063,alessandria.it
3064,americanexpress
3065,boxfuse.io
3066,cc.mn.us
3067,cc.nc.us
3068,chieti.it
3069,ci.it
3070,creditcard
3071,edu.gy
3072,fedex
3073,from-tx.com
3074,ftpaccess.cc
3075,gifu.jp
3076,golffan.us
3077,gorizia.it
3078,grajewo.pl
3079,greta.fr
3080,im.it
3081,lib.wa.us
3082,myshopblocks.com
3083,nom.pl
3084,obi
3085,potager.org
3086,qc.com
3087,sbs
3088,wlocl.pl
3089,xn--90a3ac
3090,bentley
3091,bolzano.it
3092,cc.va.us
3093,co.cl
3094,cz.it
3095,food
3096,for-better.biz
3097,geekgalaxy.com
3098,law.za
3099,mil.cn
3100,net-freaks.com
3101,net.ml
3102,org.lk
3103,pavia.it
3104,pwc
3105,rogers
3106,siracusa.it
3107,trd.br
3108,us-2.evennode.com
3109,xn--mgbab2bd
3110,zero
3111,bolt.hu
3112,busan.kr
3113,cbs
3114,cfa
3115,couchpotatofries.org
3116,coupon
3117,dyndns-wiki.com
3118,edu.eu.org
3119,game-server.cc
3120,history.museum
3121,id.ir
3122,me.ke
3123,mlb
3124,my-firewall.org
3125,natal.br
3126,now-dns.org
3127,on-the-web.tv
3128,osaka
3129,terni.it
3130,ac.ls
3131,afl
3132,com.so
3133,dad
3134,definima.net
3135,delta
3136,edu.sn
3137,folkebibl.no
3138,from-mi.com
3139,idrett.no
3140,ikano
3141,iz.hr
3142,kg.kr
3143,leczna.pl
3144,naklo.pl
3145,name.my
3146,nodum.io
3147,nowaruda.pl
3148,nsw.au
3149,qpon
3150,qsl.br
3151,ravenna.it
3152,sc.kr
3153,sc.leg.br
3154,sew
3155,shimane.jp
3156,staples
3157,ven.it
3158,xn--mk1bu44c
3159,blogspot.li
3160,campobasso.it
3161,catanzaro.it
3162,cc.la.us
3163,co.ca
3164,dsmynas.org
3165,ed.ao
3166,edu.ht
3167,fuchu.tokyo.jp
3168,gov.sh
3169,isa-geek.net
3170,kawasaki.jp
3171,micro
3172,net.to
3173,nom.za
3174,opencraft.hosting
3175,soundcast.me
3176,vs.it
3177,witd.gov.pl
3178,xn--mgbaam7a8h
3179,xn--o3cw4h
3180,xn--q9jyb4c
3181,bms
3182,brindisi.it
3183,co.dk
3184,com.ml
3185,curitiba.br
3186,daegu.kr
3187,dlugoleka.pl
3188,doomdns.org
3189,dyn-vpn.de
3190,familyds.org
3191,fm.it
3192,from-nc.com
3193,from-oh.com
3194,kagawa.jp
3195,kaszuby.pl
3196,like
3197,mex.com
3198,moi
3199,natura
3200,nike
3201,nl.eu.org
3202,nu.it
3203,obama.fukui.jp
3204,philips
3205,shacknet.nu
3206,spectrum.myjino.ru
3207,starostwo.gov.pl
3208,yn.cn
3209,alibaba
3210,bielawa.pl
3211,cba
3212,cc.ks.us
3213,channel
3214,com.kp
3215,dni.us
3216,dnsiskinky.com
3217,edu.ci
3218,edu.me
3219,edu.tm
3220,edunet.tn
3221,ferrara.it
3222,gov.ee
3223,gs.cn
3224,hasura-app.io
3225,kochi.jp
3226,laspezia.it
3227,law.pro
3228,lds
3229,metlife
3230,mil.al
3231,movistar
3232,myphotos.cc
3233,net.ki
3234,net.nr
3235,og.ao
3236,org.lc
3237,privatizehealthinsurance.net
3238,realestate.pl
3239,sc.tz
3240,serveexchange.com
3241,spot
3242,stalowa-wola.pl
3243,tochigi.jp
3244,xn--czr694b
3245,ac.sz
3246,aco
3247,cable-modem.org
3248,cagliari.it
3249,chanel
3250,co.events
3251,dyn
3252,e12.ve
3253,from-az.net
3254,gr.com
3255,gs.oslo.no
3256,guardian
3257,iamallama.com
3258,is-gone.com
3259,is-very-bad.org
3260,is-very-evil.org
3261,kanazawa.ishikawa.jp
3262,mil.jo
3263,nfl
3264,pro.ec
3265,rzgw.gov.pl
3266,savona.it
3267,scrapping.cc
3268,song
3269,starachowice.pl
3270,twmail.net
3271,ulsan.kr
3272,voting
3273,wow
3274,xn--h2brj9c
3275,xn--ngbc5azd
3276,xn--vuq861b
3277,zhitomir.ua
3278,airbus
3279,arts.ro
3280,babia-gora.pl
3281,biz.ni
3282,boo
3283,cc.mi.us
3284,cc.oh.us
3285,cyon.link
3286,edu.kn
3287,edu.la
3288,edu.pr
3289,fire
3290,for-the.biz
3291,gets-it.net
3292,gmx
3293,health-carereform.com
3294,hobby-site.com
3295,i.ph
3296,imperia.it
3297,is-a-chef.com
3298,is-a-chef.net
3299,jelenia-gora.pl
3300,lib.ky.us
3301,mil.by
3302,mil.ni
3303,mtn
3304,o.se
3305,org.kg
3306,pioneer
3307,po.it
3308,powiat.pl
3309,przeworsk.pl
3310,rel.pl
3311,rmit
3312,rovigo.it
3313,santamaria.br
3314,shiga.jp
3315,si.eu.org
3316,sondrio.it
3317,unusualperson.com
3318,volkswagen
3319,xn--kput3i
3320,ac.se
3321,analytics
3322,boavista.br
3323,bosch
3324,charity
3325,com.ki
3326,compare
3327,deloitte
3328,dsmynas.net
3329,dynathome.net
3330,edu.ws
3331,eng.pro
3332,globo
3333,hk.org
3334,hotels
3335,hughes
3336,k.se
3337,lug.org.uk
3338,mls
3339,org.sy
3340,pr.leg.br
3341,reise
3342,ryukyu
3343,safety
3344,servebbs.org
3345,smile
3346,tab
3347,tec.ve
3348,y.se
3349,aid.pl
3350,arte
3351,bbt
3352,boats
3353,cbre
3354,com.pf
3355,diskstation.eu
3356,dnsdojo.org
3357,draydns.de
3358,flir
3359,fly
3360,foggia.it
3361,from-ct.com
3362,from-de.com
3363,from-me.org
3364,from-sc.com
3365,fst.br
3366,gangwon.kr
3367,gov.mu
3368,health.vn
3369,is-leet.com
3370,is-slick.com
3371,jinsekikogen.hiroshima.jp
3372,lecce.it
3373,leitungsen.de
3374,lib.az.us
3375,likes-pie.com
3376,mg.leg.br
3377,mil.py
3378,mmafan.biz
3379,nuoro.it
3380,org.ws
3381,potenza.it
3382,safe
3383,science.museum
3384,sendai.jp
3385,shaw
3386,sina
3387,utwente.io
3388,vladimir.ru
3389,xs4all.space
3390,yachts
3391,airforce
3392,asso.mc
3393,beauty
3394,bnl
3395,bnr.la
3396,ceb
3397,cloudns.pw
3398,co.education
3399,co.technology
3400,com.km
3401,customer.speedpartner.de
3402,deal
3403,democrat
3404,diy
3405,dyndns-pics.com
3406,eat
3407,eating-organic.net
3408,edu.dm
3409,edu.zm
3410,fidelity
3411,frosinone.it
3412,hotel.hu
3413,is-certified.com
3414,kerryproperties
3415,kobierzyce.pl
3416,makeup
3417,mango
3418,meme
3419,miyazaki.jp
3420,mymediapc.net
3421,nec
3422,net.so
3423,nissan
3424,ome.tokyo.jp
3425,org.nr
3426,ostrowwlkp.pl
3427,pup.gov.pl
3428,qld.au
3429,sassari.it
3430,sec.ps
3431,sport.hu
3432,ternopil.ua
3433,tiaa
3434,tokushima.jp
3435,tui
3436,tvs
3437,visa
3438,voto
3439,wed
3440,wellbeingzone.co.uk
3441,able
3442,airtel
3443,bloomberg
3444,bss.design
3445,capitalone
3446,case
3447,co.bi
3448,collegefan.org
3449,com.io
3450,com.sc
3451,cruise
3452,cuisinella
3453,de.cool
3454,dr.tr
3455,duck
3456,dynserv.org
3457,edu.lc
3458,erni
3459,eu.meteorapp.com
3460,from-fl.com
3461,hakone.kanagawa.jp
3462,he.cn
3463,hisamitsu
3464,info.at
3465,is-a-hunter.com
3466,is-lost.org
3467,isa-geek.com
3468,isernia.it
3469,joy
3470,kuokgroup
3471,lanxess
3472,lcube-server.de
3473,lego
3474,lib.ct.us
3475,lib.nv.us
3476,miasta.pl
3477,mw.gov.pl
3478,mysecuritycamera.com
3479,nationwide
3480,neo
3481,nhlfan.net
3482,nohost.me
3483,org.bs
3484,pippu.hokkaido.jp
3485,ponpes.id
3486,prof
3487,pru
3488,quest
3489,republican
3490,square7.net
3491,sunagawa.hokkaido.jp
3492,targi.pl
3493,tottori.tottori.jp
3494,vivo
3495,vv.it
3496,warmia.pl
3497,woodside
3498,xn--t60b56a
3499,zp.gov.pl
3500,broadway
3501,com.mu
3502,com.ws
3503,dray-dns.de
3504,dvr
3505,ericsson
3506,firewall-gateway.de
3507,from-dc.com
3508,from-ne.com
3509,frontier
3510,gap
3511,got
3512,haboro.hokkaido.jp
3513,hobby-site.org
3514,homedepot
3515,ifm
3516,ikeda.fukui.jp
3517,ingatlan.hu
3518,is-a-rockstar.com
3519,is-found.org
3520,ivano-frankivsk.ua
3521,loft
3522,lubartow.pl
3523,ma.leg.br
3524,mil.bo
3525,mil.gt
3526,monster
3527,motorcycles
3528,mt.it
3529,omega
3530,org.ht
3531,org.iq
3532,pa.gov.pl
3533,ro.im
3534,room
3535,rsvp
3536,s.bg
3537,talk
3538,teramo.it
3539,ubs
3540,vercelli.it
3541,xn--42c2d9a
3542,xn--j6w193g
3543,aarp
3544,aeg
3545,afamilycompany
3546,autos
3547,avellino.it
3548,boldlygoingnowhere.org
3549,c.se
3550,clubmed
3551,cpa.pro
3552,dds
3553,edu.gi
3554,edu.lr
3555,fantasyleague.cc
3556,flog.br
3557,for-more.biz
3558,from-in.com
3559,from-nd.com
3560,from-or.com
3561,fukuyama.hiroshima.jp
3562,go.leg.br
3563,hermes
3564,ipiranga
3565,kazimierz-dolny.pl
3566,konskowola.pl
3567,laquila.it
3568,lib.ak.us
3569,london.museum
3570,lpl
3571,lupin
3572,mil.lv
3573,moto
3574,mypep.link
3575,nis.za
3576,noshiro.akita.jp
3577,org.me
3578,pgafan.net
3579,pnc
3580,praxi
3581,priv.hu
3582,qa2.com
3583,qh.cn
3584,rawa-maz.pl
3585,sanofi
3586,shijonawate.osaka.jp
3587,st.no
3588,stat.no
3589,synology-diskstation.de
3590,test.ru
3591,wiih.gov.pl
3592,wsa.gov.pl
3593,xn--j1aef
3594,xn--mgba3a4f16a.ir
3595,xn--wgbl6a
3596,zachpomor.pl
3597,zaporizhzhe.ua
3598,abogado
3599,audible
3600,barefoot
3601,benevento.it
3602,bestbuy
3603,bofa
3604,bond
3605,cc.ny.us
3606,cherkassy.ua
3607,circle
3608,cloudns.info
3609,co.cm
3610,com.st
3611,com.tm
3612,edu.sl
3613,fast
3614,from-hi.com
3615,from-ia.com
3616,from-la.net
3617,from-mo.com
3618,from-mt.com
3619,gea
3620,genting
3621,george
3622,grainger
3623,hosting-cluster.nl
3624,indy
3625,info.tt
3626,is-very-good.org
3627,lib.ee
3628,linde
3629,lundbeck
3630,maif
3631,mint
3632,misconfused.org
3633,mo.cn
3634,mtr
3635,murmansk.su
3636,myactivedirectory.com
3637,nba
3638,ntr.br
3639,opoczno.pl
3640,ota.tokyo.jp
3641,ping
3642,redstone
3643,reklam.hu
3644,resindevice.io
3645,sa.au
3646,servesarcasm.com
3647,shinagawa.tokyo.jp
3648,slz.br
3649,statefarm
3650,suedtirol.it
3651,the.br
3652,theatre
3653,travelchannel
3654,ugim.gov.pl
3655,uk.eu.org
3656,uppo.gov.pl
3657,v-info.info
3658,virgin
3659,vpnplus.to
3660,warman
3661,washingtondc.museum
3662,xenapponazure.com
3663,xn--4gbrim
3664,xn--qxam
3665,xn--vhquv
3666,4lima.de
3667,ac.leg.br
3668,agano.niigata.jp
3669,al.leg.br
3670,allstate
3671,ama.aichi.jp
3672,asahikawa.hokkaido.jp
3673,ato.br
3674,ba.leg.br
3675,campinas.br
3676,com.sh
3677,crotone.it
3678,daejeon.kr
3679,dominic.ua
3680,dyn.ddnss.de
3681,edu.sb
3682,ferrari
3683,from-ky.com
3684,from-mn.com
3685,from-ny.net
3686,from-ut.com
3687,fuchu.hiroshima.jp
3688,fur
3689,futuremailing.at
3690,gok.pk
3691,gov.ac
3692,gov.pn
3693,gov.st
3694,gyeongnam.kr
3695,hbo
3696,hkt
3697,hl.no
3698,hyatt
3699,imizu.toyama.jp
3700,in.eu.org
3701,is-a-chef.org
3702,is-a-guru.com
3703,is-a-musician.com
3704,is-very-nice.org
3705,kanonji.kagawa.jp
3706,komatsu.ishikawa.jp
3707,kosai.shizuoka.jp
3708,macerata.it
3709,matsumoto.nagano.jp
3710,mil.ae
3711,mt.leg.br
3712,myhome-server.de
3713,nanao.ishikawa.jp
3714,net.bs
3715,noho.st
3716,nokia
3717,nom.cl
3718,ong.br
3719,org.kp
3720,org.ml
3721,ownprovider.com
3722,pa.leg.br
3723,pe.leg.br
3724,ragusa.it
3725,reliance
3726,roros.no
3727,saga.jp
3728,scjohnson
3729,square7.de
3730,t.se
3731,taa.it
3732,taifun-dns.de
3733,taobao
3734,teaches-yoga.com
3735,trv
3736,upow.gov.pl
3737,vig
3738,viking
3739,volvo
3740,w.se
3741,wa.au
3742,withyoutube.com
3743,worse-than.tv
3744,writesthisblog.com
3745,xbox
3746,xn--l1acc
3747,xn--node
3748,yokosuka.kanagawa.jp
3749,za.bz
3750,abiko.chiba.jp
3751,agrigento.it
3752,amagasaki.hyogo.jp
3753,api.stdlib.com
3754,apps.lair.io
3755,ascolipiceno.it
3756,asso.nc
3757,atm.pl
3758,bbs
3759,beppu.oita.jp
3760,bugatti
3761,buyshouses.net
3762,channelsdvr.net
3763,com.cw
3764,com.im
3765,com.ms
3766,conf.au
3767,defense.tn
3768,discover
3769,dnp
3770,dscloud.mobi
3771,dyndns1.de
3772,emc
3773,eu-1.evennode.com
3774,fi.eu.org
3775,fiat
3776,film.hu
3777,firewall-gateway.net
3778,florence.it
3779,from-id.com
3780,from-ma.com
3781,from-nh.com
3782,from-ok.com
3783,glade
3784,gnu
3785,hakodate.hokkaido.jp
3786,info.az
3787,info.ke
3788,is-a-lawyer.com
3789,is-an-accountant.com
3790,is-saved.org
3791,kaneyama.fukushima.jp
3792,kashihara.nara.jp
3793,kitakyushu.jp
3794,kobe.jp
3795,koshigaya.saitama.jp
3796,kppsp.gov.pl
3797,kustanai.ru
3798,lancaster
3799,latrobe
3800,living
3801,machida.tokyo.jp
3802,macys
3803,matsue.shimane.jp
3804,med.ly
3805,merseine.nu
3806,mil.gh
3807,mil.hn
3808,mil.qa
3809,musica.ar
3810,neat-url.com
3811,net.pn
3812,nikon
3813,nom.mk
3814,nom.pe
3815,nov.su
3816,org.so
3817,osakasayama.osaka.jp
3818,oyama.tochigi.jp
3819,prochowice.pl
3820,progressive
3821,pyatigorsk.ru
3822,qvc
3823,rs.leg.br
3824,sakaiminato.tottori.jp
3825,scapp.io
3826,sf.no
3827,shia
3828,shichikashuku.miyagi.jp
3829,simple-url.com
3830,symantec
3831,tatamotors
3832,tci
3833,toba.mie.jp
3834,toray
3835,toshima.tokyo.jp
3836,trondheim.no
3837,tw.cn
3838,venice.it
3839,verbania.it
3840,vladikavkaz.ru
3841,wakkanai.hokkaido.jp
3842,walter
3843,weibo
3844,x.se
3845,xn--5tzm5g
3846,xn--kpry57d
3847,xn--mgbayh7gpa
3848,xn--w4rs40l
3849,xn--y9a3aq
3850,zamami.okinawa.jp
3851,1.bg
3852,ac.im
3853,act.au
3854,adygeya.ru
3855,aosta.it
3856,at-band-camp.net
3857,bcg
3858,beats
3859,bir.ru
3860,cal.it
3861,carboniaiglesias.it
3862,cc.id.us
3863,cc.mt.us
3864,cc.wa.us
3865,chrysler
3866,chungbuk.kr
3867,chuo.fukuoka.jp
3868,cistron.nl
3869,co.st
3870,com.dm
3871,com.vi
3872,cya.gg
3873,development.run
3874,dnsupdater.de
3875,ebiz.tw
3876,edu.gl
3877,emiliaromagna.it
3878,enna.it
3879,es.leg.br
3880,esq
3881,extraspace
3882,feira.br
3883,firmdale
3884,from-ar.com
3885,from-wv.com
3886,frontdoor
3887,fujitsu
3888,fujiyoshida.yamanashi.jp
3889,fukui.fukui.jp
3890,fylkesbibl.no
3891,gallo
3892,ggf.br
3893,gmo
3894,godaddy
3895,gov.nr
3896,gran.no
3897,gwangju.kr
3898,hgtv
3899,hm.no
3900,home-webserver.de
3901,hoteles
3902,infiniti
3903,int.tt
3904,ip6.arpa
3905,is-a-doctor.com
3906,is-a-techie.com
3907,is-not-certified.com
3908,isa.us
3909,iselect
3910,itami.hyogo.jp
3911,jdf.br
3912,jio
3913,kamakura.kanagawa.jp
3914,kameoka.kyoto.jp
3915,kerrylogistics
3916,kirovograd.ua
3917,kmpsp.gov.pl
3918,knightpoint.systems
3919,kochi.kochi.jp
3920,kunden.ortsinfo.at
3921,kvam.no
3922,lancome
3923,lasalle
3924,lib.nd.us
3925,lincoln
3926,lipsy
3927,lotto
3928,lt.ua
3929,matsuyama.ehime.jp
3930,med.pro
3931,meguro.tokyo.jp
3932,mr.no
3933,nab
3934,nagaoka.niigata.jp
3935,nagasaki.nagasaki.jp
3936,ne.tz
3937,nerima.tokyo.jp
3938,net.ws
3939,nexus
3940,nom.al
3941,nom.si
3942,nordkapp.no
3943,odate.akita.jp
3944,ol.no
3945,oss
3946,ott
3947,parliament.cy
3948,pb.leg.br
3949,pid
3950,pixolino.com
3951,psse.gov.pl
3952,publ.pt
3953,ravendb.community
3954,readmyblog.org
3955,red.sv
3956,ril
3957,rivne.ua
3958,se.leg.br
3959,seek
3960,semboku.akita.jp
3961,shangrila
3962,shizuoka.shizuoka.jp
3963,showtime
3964,sld.do
3965,sorocaba.br
3966,stada
3967,suita.osaka.jp
3968,suzuki
3969,syno-ds.de
3970,taiji.wakayama.jp
3971,taxi.br
3972,teo.br
3973,tjx
3974,to.leg.br
3975,townnews-staging.com
3976,toyama.toyama.jp
3977,tsubetsu.hokkaido.jp
3978,ueda.nagano.jp
3979,utazas.hu
3980,whoswho
3981,wiw.gov.pl
3982,wme
3983,wolterskluwer
3984,xj.cn
3985,xn--e1a4c
3986,xn--mgba3a4f16a
3987,xn--ogbpf8fl
3988,yalta.ua
3989,z.se
3990,zama.kanagawa.jp
3991,4u.com
3992,alipay
3993,anan.nagano.jp
3994,aquarelle
3995,arakawa.tokyo.jp
3996,art.dz
3997,asda
3998,author
3999,b.se
4000,baseball
4001,bashkiria.ru
4002,bibai.hokkaido.jp
4003,bmoattachments.org
4004,brand.se
4005,bu.no
4006,cancerresearch
4007,catholic
4008,cc.ar.us
4009,cc.mo.us
4010,cfd
4011,chuo.tokyo.jp
4012,com.rw
4013,com.sn
4014,cookingchannel
4015,daigo.ibaraki.jp
4016,dev-myqnapcloud.com
4017,dtv
4018,dubai
4019,edu.ml
4020,edu.pf
4021,epson
4022,everbank
4023,fermo.it
4024,flickr
4025,forde.no
4026,forli-cesena.it
4027,fredrikstad.no
4028,fresenius
4029,frogans
4030,from-ak.com
4031,from-nv.com
4032,from-pa.com
4033,from-wi.com
4034,ftr
4035,fuji.shizuoka.jp
4036,fujixerox
4037,fukaya.saitama.jp
4038,geek
4039,gjovik.no
4040,gobo.wakayama.jp
4041,gwiddle.co.uk
4042,gyeonggi.kr
4043,hachinohe.aomori.jp
4044,hair
4045,helsinki
4046,here-for-more.info
4047,higashiizu.shizuoka.jp
4048,himeji.hyogo.jp
4049,hirado.nagasaki.jp
4050,homesecuritypc.com
4051,honeywell
4052,hu.net
4053,hyundai
4054,in-vpn.de
4055,incheon.kr
4056,is-a-nurse.com
4057,is-a-patsfan.org
4058,is-a-soxfan.org
4059,is-a-teacher.com
4060,is-an-artist.com
4061,isahaya.nagasaki.jp
4062,issmarterthanyou.com
4063,iwaki.fukushima.jp
4064,iwata.shizuoka.jp
4065,jan-mayen.no
4066,jeep
4067,joinville.br
4068,kaluga.su
4069,kasukabe.saitama.jp
4070,kawasaki.miyagi.jp
4071,kids.us
4072,kuji.iwate.jp
4073,ladbrokes
4074,lebtimnetz.de
4075,liaison
4076,lifestyle
4077,lilly
4078,lima.zone
4079,locker
4080,lom.it
4081,maceio.br
4082,maebashi.gunma.jp
4083,marine.ru
4084,marriott
4085,mil.iq
4086,minamitane.kagoshima.jp
4087,misaki.okayama.jp
4088,miyazaki.miyazaki.jp
4089,musashino.tokyo.jp
4090,n.se
4091,nagano.nagano.jp
4092,name.eg
4093,namsos.no
4094,net.st
4095,nextdirect
4096,nhk
4097,nic.tj
4098,niimi.okayama.jp
4099,niteroi.br
4100,nom.ae
4101,nome.pt
4102,nowruz
4103,ogawara.miyagi.jp
4104,okayama.okayama.jp
4105,okinoshima.shimane.jp
4106,okutama.tokyo.jp
4107,olbia-tempio.it
4108,org.sl
4109,origins
4110,oto.fukuoka.jp
4111,pars
4112,pccw
4113,pesarourbino.it
4114,reggio-calabria.it
4115,rexroth
4116,samsclub
4117,seiyo.ehime.jp
4118,sensiosite.cloud
4119,seto.aichi.jp
4120,sfr
4121,shibuya.tokyo.jp
4122,shirakawa.fukushima.jp
4123,synology-ds.de
4124,takamatsu.kagawa.jp
4125,tenri.nara.jp
4126,test-iserv.de
4127,thd
4128,toyota.aichi.jp
4129,tsugaru.aomori.jp
4130,tunes
4131,u.se
4132,ubank
4133,wajima.ishikawa.jp
4134,watches
4135,wif.gov.pl
4136,wtc
4137,wuoz.gov.pl
4138,xfinity
4139,xn--5su34j936bgsg
4140,xn--c1avg.xn--90a3ac
4141,xn--czru2d
4142,xn--hxt814e
4143,xn--mgbt3dhd
4144,xn--nqv7f
4145,xn--rovu88b
4146,xn--unup4y
4147,yachiyo.chiba.jp
4148,yanagawa.fukuoka.jp
4149,yonezawa.yamagata.jp
4150,yun
4151,3.bg
4152,abarth
4153,abbvie
4154,aktyubinsk.su
4155,ally
4156,alpha-myqnapcloud.com
4157,ann-arbor.mi.us
4158,arendal.no
4159,art.do
4160,asago.hyogo.jp
4161,assedic.fr
4162,asso.dz
4163,awdev.ca
4164,barsy.bg
4165,bunkyo.tokyo.jp
4166,cc.az.us
4167,cc.wy.us
4168,cherkasy.ua
4169,chernigov.ua
4170,chigasaki.kanagawa.jp
4171,chofu.tokyo.jp
4172,cipriani
4173,clinique
4174,cloudcontrolled.com
4175,com.gl
4176,customer.enonic.io
4177,cyon.site
4178,cyou
4179,dagestan.ru
4180,daisen.akita.jp
4181,database.museum
4182,dish
4183,ditchyourip.com
4184,dupont
4185,edu.kp
4186,edu.ms
4187,edu.rw
4188,edu.vu
4189,emerck
4190,enonic.io
4191,esurance
4192,exit
4193,fie.ee
4194,fnd.br
4195,foodnetwork
4196,forlicesena.it
4197,from-ri.com
4198,from-sd.com
4199,from-va.com
4200,from-vt.com
4201,from-wa.com
4202,froya.no
4203,fujimi.saitama.jp
4204,funabashi.chiba.jp
4205,fussa.tokyo.jp
4206,futurecms.at
4207,futurehosting.at
4208,goiania.br
4209,gouv.km
4210,gov.cu
4211,gov.cx
4212,gov.kp
4213,guge
4214,gujo.gifu.jp
4215,hachioji.tokyo.jp
4216,half.host
4217,hamamatsu.shizuoka.jp
4218,hanawa.fukushima.jp
4219,hangout
4220,hashbang.sh
4221,hdfcbank
4222,hikone.shiga.jp
4223,hiratsuka.kanagawa.jp
4224,homesecuritymac.com
4225,ichinomiya.aichi.jp
4226,imabari.ehime.jp
4227,imamat
4228,imdb
4229,is-a-designer.com
4230,is-a-hard-worker.com
4231,is-a-linux-user.org
4232,is-a-student.com
4233,is-an-actor.com
4234,is-into-anime.com
4235,is-into-cars.com
4236,ise.mie.jp
4237,iveco
4238,izumisano.osaka.jp
4239,jamison.museum
4240,kakegawa.shizuoka.jp
4241,kawazu.shizuoka.jp
4242,kazuno.akita.jp
4243,kerryhotels
4244,kisarazu.chiba.jp
4245,kishiwada.osaka.jp
4246,kitakami.iwate.jp
4247,kitakata.fukushima.jp
4248,koga.fukuoka.jp
4249,konyvelo.hu
4250,kosher
4251,koya.wakayama.jp
4252,kunohe.iwate.jp
4253,lancia
4254,lefrak
4255,lexus
4256,lib.ne.us
4257,lib.vt.us
4258,lixil
4259,locus
4260,maizuru.kyoto.jp
4261,matsudo.chiba.jp
4262,matsusaka.mie.jp
4263,mihara.hiroshima.jp
4264,mil.tr
4265,milan.it
4266,mitsubishi
4267,mitsuke.niigata.jp
4268,mizusawa.iwate.jp
4269,moonscale.net
4270,mydissent.net
4271,mytuleap.com
4272,nadex
4273,naha.okinawa.jp
4274,nanporo.hokkaido.jp
4275,net.ac
4276,net.me
4277,net.mz
4278,net.ps
4279,ngo.za
4280,niki.hokkaido.jp
4281,nissay
4282,noda.chiba.jp
4283,nom.li
4284,northwesternmutual
4285,norton
4286,noto.ishikawa.jp
4287,nt.no
4288,nym.by
4289,nym.lu
4290,odawara.kanagawa.jp
4291,og.it
4292,oga.akita.jp
4293,oldnavy
4294,ollo
4295,onagawa.miyagi.jp
4296,onyourside
4297,org.mg
4298,org.ms
4299,org.pf
4300,org.uz
4301,p.se
4302,panasonic
4303,piaget
4304,pimienta.org
4305,poniatowa.pl
4306,prudential
4307,psp.gov.pl
4308,rana.no
4309,rifu.miyagi.jp
4310,rl.no
4311,rn.leg.br
4312,ru.eu.org
4313,run.app
4314,sado.niigata.jp
4315,saga.saga.jp
4316,sagamihara.kanagawa.jp
4317,sar.it
4318,sasebo.nagasaki.jp
4319,saves-the-whales.com
4320,sch.zm
4321,schaeffler
4322,scholarships
4323,servehumour.com
4324,setagaya.tokyo.jp
4325,shirataka.yamagata.jp
4326,shriram
4327,silk
4328,skin
4329,sochi.su
4330,sohu
4331,space.museum
4332,statebank
4333,stuff-4-sale.org
4334,stufftoread.com
4335,sukagawa.fukushima.jp
4336,swatch
4337,tagawa.fukuoka.jp
4338,tas.au
4339,temasek
4340,tiffany
4341,toda.saitama.jp
4342,togliatti.su
4343,tokorozawa.saitama.jp
4344,tosa.kochi.jp
4345,towada.aomori.jp
4346,tr.no
4347,traeumtgerade.de
4348,travelers
4349,tuscany.it
4350,twmail.cc
4351,uwajima.ehime.jp
4352,uzs.gov.pl
4353,virtual.museum
4354,virtualuser.de
4355,wakuya.miyagi.jp
4356,winb.gov.pl
4357,xn--czrs0t
4358,xn--fiqz9s
4359,xn--g2xx48c
4360,xn--i1b6b1a6a2e
4361,xn--jlq61u9w7b
4362,xn--mgbc0a9azcg
4363,xn--mgberp4a5d4ar
4364,xn--mgbpl2fh
4365,xn--pgbs0dh
4366,xn--rhqv96g
4367,xn--w4r85el8fhu5dnra
4368,xn--wgbh1c
4369,xz.cn
4370,yamaguchi.jp
4371,yamato.kanagawa.jp
4372,yamatotakada.nara.jp
4373,yono.saitama.jp
4374,yuasa.wakayama.jp
4375,yukuhashi.fukuoka.jp
4376,zentsuji.kagawa.jp
4377,1kapp.com
4378,2000.hu
4379,a.run.app
4380,abeno.osaka.jp
4381,adac
4382,adygeya.su
4383,aetna
4384,agakhan
4385,aigo
4386,aizuwakamatsu.fukushima.jp
4387,akdn
4388,akita.akita.jp
4389,akune.kagoshima.jp
4390,alfaromeo
4391,allfinanz
4392,alto-adige.it
4393,anamizu.ishikawa.jp
4394,anthropology.museum
4395,ashikaga.tochigi.jp
4396,aso.kumamoto.jp
4397,asso.eu.org
4398,at.eu.org
4399,atsugi.kanagawa.jp
4400,auspost
4401,avianca
4402,azumino.nagano.jp
4403,bananarepublic
4404,bauhaus
4405,bergen.no
4406,biz.cy
4407,bizen.okayama.jp
4408,blockbuster
4409,blogsite.xyz
4410,boehringer
4411,bozen.it
4412,caseih
4413,cbn
4414,cc.ma.us
4415,chintai
4416,chirurgiens-dentistes-en-france.fr
4417,chitose.hokkaido.jp
4418,citadel
4419,clan.rip
4420,cloudns.biz
4421,cloudycluster.net
4422,co.financial
4423,co.pw
4424,co.tj
4425,coal.museum
4426,com.gp
4427,com.is
4428,comsec
4429,dabur
4430,dealer
4431,definima.io
4432,dodge
4433,dunlop
4434,dyn-ip24.de
4435,e.se
4436,edogawa.tokyo.jp
4437,eniwa.hokkaido.jp
4438,est-a-la-maison.com
4439,est-le-patron.com
4440,exnet.su
4441,fh.se
4442,fido
4443,fjell.no
4444,from-nj.com
4445,from-tn.com
4446,fuettertdasnetz.de
4447,fukushima.fukushima.jp
4448,furukawa.miyagi.jp
4449,g.se
4450,gallup
4451,gamagori.aichi.jp
4452,gbiz
4453,ginowan.okinawa.jp
4454,goodyear
4455,grocery
4456,groks-the.info
4457,gucci
4458,hadano.kanagawa.jp
4459,hakui.ishikawa.jp
4460,hatsukaichi.hiroshima.jp
4461,haugesund.no
4462,hdfc
4463,hekinan.aichi.jp
4464,hirakata.osaka.jp
4465,hiroo.hokkaido.jp
4466,hisayama.fukuoka.jp
4467,hita.oita.jp
4468,hotel.lk
4469,ieee
4470,inagi.tokyo.jp
4471,info.au
4472,info.ki
4473,is-a-cpa.com
4474,is-a-knight.org
4475,is-a-landscaper.com
4476,is-a-llama.com
4477,is-a-photographer.com
4478,is-an-engineer.com
4479,is-into-games.com
4480,is-uberleet.com
4481,is-very-sweet.org
4482,isa-hockeynut.com
4483,isteingeek.de
4484,iwamizawa.hokkaido.jp
4485,iwate.iwate.jp
4486,jampa.br
4487,jeonnam.kr
4488,joetsu.niigata.jp
4489,jogasz.hu
4490,jot
4491,jprs
4492,kaga.ishikawa.jp
4493,kagami.kochi.jp
4494,kalmykia.ru
4495,kanegasaki.iwate.jp
4496,kaneyama.yamagata.jp
4497,karaganda.su
4498,karatsu.saga.jp
4499,kasai.hyogo.jp
4500,kasamatsu.gifu.jp
4501,kasuga.fukuoka.jp
4502,kasuya.fukuoka.jp
4503,kawagoe.saitama.jp
4504,kia
4505,kinder
4506,kisosaki.mie.jp
4507,kita.tokyo.jp
4508,kokonoe.oita.jp
4509,kongsberg.no
4510,koshu.yamanashi.jp
4511,krasnodar.su
4512,kurashiki.okayama.jp
4513,kutchan.hokkaido.jp
4514,lacaixa
4515,lamer
4516,landing.myjino.ru
4517,latino
4518,lib.sd.us
4519,lillehammer.no
4520,londrina.br
4521,ltd.cy
4522,ltd.hk
4523,maringa.br
4524,maserati
4525,mckinsey
4526,mein-vigor.de
4527,meldal.no
4528,miharu.fukushima.jp
4529,miki.hyogo.jp
4530,mincom.tn
4531,mitaka.tokyo.jp
4532,miyota.nagano.jp
4533,mopar
4534,morioka.iwate.jp
4535,mormon
4536,moroyama.saitama.jp
4537,mulhouse.museum
4538,mup.gov.pl
4539,myoko.niigata.jp
4540,nakaniikawa.toyama.jp
4541,nakanoto.ishikawa.jp
4542,nakatsugawa.gifu.jp
4543,nanjo.okinawa.jp
4544,narusawa.yamanashi.jp
4545,navoi.su
4546,ne.ug
4547,nemuro.hokkaido.jp
4548,net.ai
4549,net.cm
4550,net.kn
4551,net.sd
4552,newholland
4553,neyagawa.osaka.jp
4554,ninomiya.kanagawa.jp
4555,nom.hn
4556,nom.im
4557,nom.ke
4558,nom.tj
4559,nom.vg
4560,nomi.ishikawa.jp
4561,nowtv
4562,nt.au
4563,numazu.shizuoka.jp
4564,nym.mx
4565,nym.nz
4566,nym.pt
4567,obihiro.hokkaido.jp
4568,ogaki.gifu.jp
4569,ogawa.nagano.jp
4570,oguni.kumamoto.jp
4571,ohda.shimane.jp
4572,oirm.gov.pl
4573,ojiya.niigata.jp
4574,omihachiman.shiga.jp
4575,omuta.fukuoka.jp
4576,onjuku.chiba.jp
4577,onomichi.hiroshima.jp
4578,operaunite.com
4579,org.bi
4580,org.ki
4581,org.sc
4582,org.sn
4583,org.vu
4584,oshu.iwate.jp
4585,otsuka
4586,oy.lc
4587,phd
4588,pi.leg.br
4589,piw.gov.pl
4590,pl.eu.org
4591,playstation
4592,politie
4593,profesional.bo
4594,pvh.br
4595,raid
4596,recife.br
4597,redumbrella
4598,reggiocalabria.it
4599,ribeirao.br
4600,richardli
4601,rj.leg.br
4602,rocher
4603,saijo.ehime.jp
4604,sakura
4605,sanda.hyogo.jp
4606,santoandre.br
4607,saotome.st
4608,sdn.gov.pl
4609,seika.kyoto.jp
4610,sellsyourhome.org
4611,setouchi.okayama.jp
4612,shibecha.hokkaido.jp
4613,shiiba.miyazaki.jp
4614,shimada.shizuoka.jp
4615,shimogo.fukushima.jp
4616,shingu.fukuoka.jp
4617,shingu.wakayama.jp
4618,shirakawa.gifu.jp
4619,shiroi.chiba.jp
4620,shiroishi.miyagi.jp
4621,shiwa.iwate.jp
4622,shobara.hiroshima.jp
4623,shonai.yamagata.jp
4624,sicily.it
4625,sigdal.no
4626,skien.no
4627,skjak.no
4628,sling
4629,stavanger.no
4630,sugito.saitama.jp
4631,tahara.aichi.jp
4632,taishi.osaka.jp
4633,takahagi.ibaraki.jp
4634,takasaki.gunma.jp
4635,takikawa.hokkaido.jp
4636,tamba.hyogo.jp
4637,tanagura.fukushima.jp
4638,tanohata.iwate.jp
4639,tarumizu.kagoshima.jp
4640,tatebayashi.gunma.jp
4641,tele.amune.org
4642,time.no
4643,tjmaxx
4644,tkmaxx
4645,tokai.ibaraki.jp
4646,tokushima.tokushima.jp
4647,tomakomai.hokkaido.jp
4648,tome.miyagi.jp
4649,tonami.toyama.jp
4650,tonosho.kagawa.jp
4651,toshiba
4652,tozsde.hu
4653,trafficplex.cloud
4654,travelersinsurance
4655,tsubata.ishikawa.jp
4656,tsukuba.ibaraki.jp
4657,turen.tn
4658,tv.tz
4659,tvedestrand.no
4660,uchinada.ishikawa.jp
4661,uconnect
4662,uda.nara.jp
4663,uji.kyoto.jp
4664,uonuma.niigata.jp
4665,uto.kumamoto.jp
4666,utsunomiya.tochigi.jp
4667,v.bg
4668,warabi.saitama.jp
4669,webspace.rocks
4670,xn--3oq18vl8pn36a
4671,xn--45q11c
4672,xn--55qx5d.xn--j6w193g
4673,xn--9krt00a
4674,xn--b4w605ferd
4675,xn--efvn9s.jp
4676,xn--estv75g
4677,xn--fct429k
4678,xn--fhbei
4679,xn--fpcrj9c3d
4680,xn--fzys8d69uvgm
4681,xn--jvr189m
4682,xn--mgbca7dzdo
4683,xn--mxtq1m
4684,xn--ngbrx
4685,xn--nqv7fs00ema
4686,xn--wcvs22d.hk
4687,xn--xhq521b
4688,yaita.tochigi.jp
4689,yakage.okayama.jp
4690,yamanakako.yamanashi.jp
4691,yamanouchi.nagano.jp
4692,yame.fukuoka.jp
4693,yao.osaka.jp
4694,yonabaru.okinawa.jp
4695,yorii.saitama.jp
4696,yotsukaido.chiba.jp
4697,yufu.oita.jp
4698,yura.wakayama.jp
4699,zuerich
4700,2ix.at
4701,2ix.de
4702,4lima.at
4703,a.bg
4704,aa.no
4705,abashiri.hokkaido.jp
4706,aca.pro
4707,adult.ht
4708,afjord.no
4709,agrar.hu
4710,aguni.okinawa.jp
4711,ah.no
4712,aibetsu.hokkaido.jp
4713,aisho.shiga.jp
4714,akaiwa.okayama.jp
4715,akashi.hyogo.jp
4716,aki.kochi.jp
4717,alces.network
4718,alesund.no
4719,alstom
4720,alta.no
4721,ama.shimane.jp
4722,amakusa.kumamoto.jp
4723,amica
4724,anan.tokushima.jp
4725,anjo.aichi.jp
4726,aomori.aomori.jp
4727,ap.leg.br
4728,app.lmpm.com
4729,arab
4730,aramco
4731,arao.kumamoto.jp
4732,art.sn
4733,arts.museum
4734,as.us
4735,asahi.chiba.jp
4736,asahi.yamagata.jp
4737,asakawa.fukushima.jp
4738,ashoro.hokkaido.jp
4739,asker.no
4740,askim.no
4741,assn.lk
4742,asuke.aichi.jp
4743,atami.shizuoka.jp
4744,aviation.museum
4745,avocat.pro
4746,aya.miyazaki.jp
4747,ayagawa.kagawa.jp
4748,backplaneapp.io
4749,balashov.su
4750,banamex
4751,bandai.fukushima.jp
4752,barrel-of-knowledge.info
4753,barsy.in
4754,barsyonline.com
4755,bato.tochigi.jp
4756,bd.se
4757,berg.no
4758,betainabox.com
4759,bharti
4760,biratori.hokkaido.jp
4761,biz.at
4762,blog.bo
4763,bmd.br
4764,bodo.no
4765,bolivia.bo
4766,bostik
4767,british.museum
4768,bungotakada.oita.jp
4769,byen.site
4770,campinagrande.br
4771,caravan
4772,cartier
4773,cc.co.us
4774,cc.na
4775,cc.nd.us
4776,cc.pa.us
4777,cc.sd.us
4778,chihayaakasaka.osaka.jp
4779,chikushino.fukuoka.jp
4780,chimkent.su
4781,chiyoda.tokyo.jp
4782,chizu.tottori.jp
4783,chonan.chiba.jp
4784,chungnam.kr
4785,city.hu
4786,cloud.metacentrum.cz
4787,cloudcontrolapp.com
4788,cloudns.in
4789,cloudns.us
4790,cn.eu.org
4791,co.ag
4792,co.tm
4793,coastaldefence.museum
4794,cog.mi.us
4795,com.ac
4796,com.aw
4797,com.bi
4798,com.mw
4799,com.re
4800,commbank
4801,contagem.br
4802,coop.mw
4803,cryptonomic.net
4804,d.se
4805,dagestan.su
4806,daito.osaka.jp
4807,daplie.me
4808,date.hokkaido.jp
4809,dclk
4810,de.eu.org
4811,dk.eu.org
4812,dnepropetrovsk.ua
4813,drammen.no
4814,drud.io
4815,dynamic-dns.info
4816,east-kazakhstan.su
4817,eaton.mi.us
4818,ebetsu.hokkaido.jp
4819,ed.ci
4820,edu.ac
4821,edu.bi
4822,edu.bm
4823,edu.gn
4824,edu.ki
4825,edu.mw
4826,edu.to
4827,eidskog.no
4828,eidsvoll.no
4829,etajima.hiroshima.jp
4830,f.se
4831,farmers
4832,fastpanel.direct
4833,ferrero
4834,filegear.me
4835,firestone
4836,for-some.biz
4837,forgot.her.name
4838,friuliveneziagiulia.it
4839,from-al.com
4840,from-co.net
4841,from-nm.com
4842,from-pr.com
4843,from-wy.com
4844,fuefuki.yamanashi.jp
4845,fujiidera.osaka.jp
4846,fujimino.saitama.jp
4847,funagata.yamagata.jp
4848,furudono.fukushima.jp
4849,futaba.fukushima.jp
4850,geisei.kochi.jp
4851,giske.no
4852,giving
4853,glug.org.uk
4854,gopher
4855,gov.is
4856,gov.sx
4857,group.aero
4858,gs.hm.no
4859,gs.rl.no
4860,h.bg
4861,h.se
4862,haebaru.okinawa.jp
4863,haibara.shizuoka.jp
4864,hakuba.nagano.jp
4865,hakusan.ishikawa.jp
4866,hamada.shimane.jp
4867,hanamaki.iwate.jp
4868,hasama.oita.jp
4869,hasuda.saitama.jp
4870,hasura.app
4871,hayakawa.yamanashi.jp
4872,herad.no
4873,hidaka.wakayama.jp
4874,higashikagawa.kagawa.jp
4875,higashimatsushima.miyagi.jp
4876,higashimatsuyama.saitama.jp
4877,higashimurayama.tokyo.jp
4878,higashine.yamagata.jp
4879,himi.toyama.jp
4880,hino.tokyo.jp
4881,hino.tottori.jp
4882,hinohara.tokyo.jp
4883,hioki.kagoshima.jp
4884,hiraizumi.iwate.jp
4885,hiranai.aomori.jp
4886,hirono.fukushima.jp
4887,hirono.iwate.jp
4888,hirosaki.aomori.jp
4889,hitachiota.ibaraki.jp
4890,hokuryu.hokkaido.jp
4891,homegoods
4892,honjo.akita.jp
4893,horten.no
4894,hotel.tz
4895,ibaraki.ibaraki.jp
4896,ibaraki.osaka.jp
4897,ichihara.chiba.jp
4898,ichikawa.chiba.jp
4899,ichinohe.iwate.jp
4900,id.ly
4901,ide.kyoto.jp
4902,ie.eu.org
4903,iide.yamagata.jp
4904,ikata.ehime.jp
4905,ikeda.gifu.jp
4906,ikeda.osaka.jp
4907,in-the-band.net
4908,inabe.mie.jp
4909,inagawa.hyogo.jp
4910,inashiki.ibaraki.jp
4911,info.et
4912,info.ls
4913,info.sd
4914,int.eu.org
4915,int.mw
4916,int.ni
4917,intl.tn
4918,inzai.chiba.jp
4919,iruma.saitama.jp
4920,is-a-celticsfan.org
4921,is-a-financialadvisor.com
4922,is-a-liberal.com
4923,is-a-libertarian.com
4924,is-a-player.com
4925,is-a-therapist.com
4926,is-an-anarchist.com
4927,is-into-cartoons.com
4928,is-with-theband.com
4929,isa.kagoshima.jp
4930,isen.kagoshima.jp
4931,isesaki.gunma.jp
4932,ishigaki.okinawa.jp
4933,ishikari.hokkaido.jp
4934,isla.pr
4935,it.eu.org
4936,itano.tokushima.jp
4937,ito.shizuoka.jp
4938,itoman.okinawa.jp
4939,iwaizumi.iwate.jp
4940,iwanuma.miyagi.jp
4941,izumi.osaka.jp
4942,jambyl.su
4943,jeonbuk.kr
4944,joyo.kyoto.jp
4945,k12.vi.us
4946,kadoma.osaka.jp
4947,kagamiishi.fukushima.jp
4948,kai.yamanashi.jp
4949,kaizuka.osaka.jp
4950,kakuda.miyagi.jp
4951,kamaishi.iwate.jp
4952,kami.miyagi.jp
4953,kamiamakusa.kumamoto.jp
4954,kamigori.hyogo.jp
4955,kamisato.saitama.jp
4956,kamisu.ibaraki.jp
4957,kamo.niigata.jp
4958,karelia.su
4959,karuizawa.nagano.jp
4960,karumai.iwate.jp
4961,kasaoka.okayama.jp
4962,kashima.ibaraki.jp
4963,kashiwara.osaka.jp
4964,kasugai.aichi.jp
4965,katano.osaka.jp
4966,katsuyama.fukui.jp
4967,kawagoe.mie.jp
4968,kawaguchi.saitama.jp
4969,kawajima.saitama.jp
4970,kawakami.nagano.jp
4971,kawanishi.hyogo.jp
4972,kawara.fukuoka.jp
4973,kddi
4974,kfh
4975,khakassia.su
4976,kitaaiki.nagano.jp
4977,kitaakita.akita.jp
4978,kitagawa.kochi.jp
4979,kitayama.wakayama.jp
4980,kiyosu.aichi.jp
4981,klepp.no
4982,kodaira.tokyo.jp
4983,kofu.yamanashi.jp
4984,koganei.tokyo.jp
4985,komae.tokyo.jp
4986,komaki.aichi.jp
4987,kommunalforbund.se
4988,komono.mie.jp
4989,koriyama.fukushima.jp
4990,koryo.nara.jp
4991,kosaka.akita.jp
4992,kotohira.kagawa.jp
4993,kouzushima.tokyo.jp
4994,kristiansand.no
4995,kumamoto.kumamoto.jp
4996,kumejima.okinawa.jp
4997,kunitachi.tokyo.jp
4998,kuriyama.hokkaido.jp
4999,kurobe.toyama.jp
5000,kuroishi.aomori.jp
5001,kuromatsunai.hokkaido.jp
5002,kurume.fukuoka.jp
5003,kusatsu.shiga.jp
5004,kusu.oita.jp
5005,kv.ua
5006,kwp.gov.pl
5007,kyonan.chiba.jp
5008,l-o-g-i-n.de
5009,l.se
5010,larvik.no
5011,lib.mt.us
5012,lib.nm.us
5013,lib.ri.us
5014,lib.tn.us
5015,lib.wy.us
5016,lima-city.at
5017,localhost.daplie.me
5018,lorenskog.no
5019,lotte
5020,manno.kagawa.jp
5021,marugame.kagawa.jp
5022,marumori.miyagi.jp
5023,matsuda.kanagawa.jp
5024,matsushige.tokushima.jp
5025,matsushima.miyagi.jp
5026,me.tz
5027,med.ee
5028,med.om
5029,mediocampidano.it
5030,mein-iserv.de
5031,meiwa.mie.jp
5032,memorial.museum
5033,michigan.museum
5034,mikasa.hokkaido.jp
5035,mil.ge
5036,mil.kg
5037,mil.mz
5038,minamiawaji.hyogo.jp
5039,minamiechizen.fukui.jp
5040,minamisanriku.miyagi.jp
5041,minamiuonuma.niigata.jp
5042,mino.gifu.jp
5043,minokamo.gifu.jp
5044,misaki.osaka.jp
5045,misato.miyagi.jp
5046,misawa.aomori.jp
5047,mishima.fukushima.jp
5048,mishima.shizuoka.jp
5049,mitane.akita.jp
5050,mitsue.nara.jp
5051,miyako.iwate.jp
5052,miyakonojo.miyazaki.jp
5053,miyashiro.saitama.jp
5054,miyazu.kyoto.jp
5055,miyoshi.saitama.jp
5056,mizunami.gifu.jp
5057,mobara.chiba.jp
5058,mobi.ke
5059,moma.museum
5060,moriya.ibaraki.jp
5061,motegi.tochigi.jp
5062,ms.leg.br
5063,muko.kyoto.jp
5064,murakami.niigata.jp
5065,murata.miyagi.jp
5066,murayama.yamagata.jp
5067,musica.bo
5068,mutsuzawa.chiba.jp
5069,mutual
5070,my-vigor.de
5071,mydatto.net
5072,mymailer.com.tw
5073,mysecuritycamera.org
5074,n.bg
5075,nagai.yamagata.jp
5076,naganohara.gunma.jp
5077,nagaokakyo.kyoto.jp
5078,nagareyama.chiba.jp
5079,nahari.kochi.jp
5080,naka.hiroshima.jp
5081,nalchik.ru
5082,name.na
5083,name.pr
5084,name.qa
5085,nanbu.tottori.jp
5086,nanbu.yamanashi.jp
5087,nara.nara.jp
5088,naruto.tokushima.jp
5089,narvik.no
5090,natori.miyagi.jp
5091,naturalsciences.museum
5092,naturbruksgymn.se
5093,net.af
5094,net.dm
5095,net.hn
5096,net.lc
5097,net.lk
5098,net.sc
5099,net.tm
5100,net.uz
5101,net.zm
5102,niigata.niigata.jp
5103,niiza.saitama.jp
5104,nikaho.akita.jp
5105,ninohe.iwate.jp
5106,nishiaizu.fukushima.jp
5107,nishiawakura.okayama.jp
5108,nishigo.fukushima.jp
5109,nishiizu.shizuoka.jp
5110,nishinomiya.hyogo.jp
5111,nishinoomote.kagoshima.jp
5112,nissedal.no
5113,nogata.fukuoka.jp
5114,nom.ag
5115,nom.gd
5116,nom.nu
5117,nom.pa
5118,nom.pw
5119,nom.qa
5120,nom.rs
5121,nom.ug
5122,nom.vc
5123,nonoichi.ishikawa.jp
5124,nose.osaka.jp
5125,notodden.no
5126,nym.bz
5127,nym.gr
5128,nym.kz
5129,nym.la
5130,nym.me
5131,nym.pe
5132,nym.sk
5133,nym.su
5134,nym.tw
5135,obuse.nagano.jp
5136,ogasawara.tokyo.jp
5137,ogliastra.it
5138,ogori.fukuoka.jp
5139,ohi.fukui.jp
5140,ohira.miyagi.jp
5141,oi.kanagawa.jp
5142,oirase.aomori.jp
5143,oita.oita.jp
5144,okaya.nagano.jp
5145,okinawa.okinawa.jp
5146,omachi.saga.jp
5147,omaezaki.shizuoka.jp
5148,online.th
5149,ono.fukushima.jp
5150,onojo.fukuoka.jp
5151,or.ci
5152,org.ac
5153,org.bm
5154,org.dm
5155,org.kn
5156,org.sh
5157,org.to
5158,osaki.miyagi.jp
5159,osakikamijima.hiroshima.jp
5160,oseto.nagasaki.jp
5161,ota.gunma.jp
5162,otake.hiroshima.jp
5163,otaki.nagano.jp
5164,otaru.hokkaido.jp
5165,otsu.shiga.jp
5166,oumu.hokkaido.jp
5167,ox.rs
5168,ozu.kumamoto.jp
5169,pagefrontapp.com
5170,pb.ao
5171,penza.su
5172,per.la
5173,perso.ht
5174,pirate
5175,pohl
5176,pokrovsk.su
5177,pp.az
5178,pt.eu.org
5179,pug.it
5180,pvt.k12.ma.us
5181,rankoshi.hokkaido.jp
5182,revista.bo
5183,ringsaker.no
5184,riobranco.br
5185,ro.leg.br
5186,rokunohe.aomori.jp
5187,rome.it
5188,ryuoh.shiga.jp
5189,s.se
5190,saiki.oita.jp
5191,sakae.chiba.jp
5192,sakae.nagano.jp
5193,sakai.fukui.jp
5194,saku.nagano.jp
5195,sakuho.nagano.jp
5196,salvador.br
5197,samegawa.fukushima.jp
5198,sandvikcoromant
5199,sanuki.kagawa.jp
5200,saroma.hokkaido.jp
5201,sasaguri.fukuoka.jp
5202,sasayama.hyogo.jp
5203,sch.jo
5204,sch.ly
5205,scor
5206,scrapper-site.net
5207,scrysec.com
5208,seirou.niigata.jp
5209,selje.no
5210,sells-for-u.com
5211,services.aero
5212,shibata.miyagi.jp
5213,shibata.niigata.jp
5214,shika.ishikawa.jp
5215,shikabe.hokkaido.jp
5216,shikama.miyagi.jp
5217,shimokawa.hokkaido.jp
5218,shimotsuma.ibaraki.jp
5219,shingu.hyogo.jp
5220,shinkamigoto.nagasaki.jp
5221,shinshiro.aichi.jp
5222,shintoku.hokkaido.jp
5223,shiogama.miyagi.jp
5224,shirahama.wakayama.jp
5225,shisui.chiba.jp
5226,shunan.yamaguchi.jp
5227,sk.eu.org
5228,ski.no
5229,sko.gov.pl
5230,soeda.fukuoka.jp
5231,soka.saitama.jp
5232,stcgroup
5233,steinkjer.no
5234,store.st
5235,sula.no
5236,sumoto.hyogo.jp
5237,surnadal.no
5238,susono.shizuoka.jp
5239,suzu.ishikawa.jp
5240,svn-repos.de
5241,tabuse.yamaguchi.jp
5242,tadotsu.kagawa.jp
5243,tagajo.miyagi.jp
5244,taito.tokyo.jp
5245,taiwa.miyagi.jp
5246,tajimi.gifu.jp
5247,takamori.kumamoto.jp
5248,takarazuka.hyogo.jp
5249,takasago.hyogo.jp
5250,takasu.hokkaido.jp
5251,takatori.nara.jp
5252,takatsuki.osaka.jp
5253,takayama.gifu.jp
5254,takayama.nagano.jp
5255,tama.tokyo.jp
5256,tamakawa.fukushima.jp
5257,tanabe.wakayama.jp
5258,tateshina.nagano.jp
5259,tatsuno.nagano.jp
5260,tdk
5261,tel.tr
5262,telebit.xyz
5263,tendo.yamagata.jp
5264,tingvoll.no
5265,tm.hu
5266,tm.no
5267,tobetsu.hokkaido.jp
5268,tochigi.tochigi.jp
5269,togane.chiba.jp
5270,togitsu.nagasaki.jp
5271,tohma.hokkaido.jp
5272,tokamachi.niigata.jp
5273,tokashiki.okinawa.jp
5274,tomi.nagano.jp
5275,tomiya.miyagi.jp
5276,tonaki.okinawa.jp
5277,tondabayashi.osaka.jp
5278,toon.ehime.jp
5279,toride.ibaraki.jp
5280,tos.it
5281,tourism.pl
5282,toyo.kochi.jp
5283,toyono.osaka.jp
5284,tr.eu.org
5285,tromso.no
5286,trysil.no
5287,tsubame.niigata.jp
5288,tsunan.niigata.jp
5289,tsuru.yamanashi.jp
5290,tsuruga.fukui.jp
5291,tsuyama.okayama.jp
5292,u2.xnbay.com
5293,uchiko.ehime.jp
5294,ukiha.fukuoka.jp
5295,uklugs.org
5296,unicom
5297,urakawa.hokkaido.jp
5298,urawa.saitama.jp
5299,urayasu.chiba.jp
5300,uruma.okinawa.jp
5301,ushiku.ibaraki.jp
5302,vardo.no
5303,vefsn.no
5304,vf.no
5305,vi.us
5306,vladimir.su
5307,vps.myjino.ru
5308,vuelos
5309,wakayama.wakayama.jp
5310,wallonie.museum
5311,watari.miyagi.jp
5312,weatherchannel
5313,xn--11b4c3d
5314,xn--12co0c3b4eva.xn--o3cw4h
5315,xn--1ck2e1b
5316,xn--1qqw23a
5317,xn--3bst00m
5318,xn--3pxu8k
5319,xn--55qw42g
5320,xn--80ao21a
5321,xn--80aqecdr1a
5322,xn--80au.xn--90a3ac
5323,xn--cck2b3b
5324,xn--d1alf
5325,xn--d1at.xn--90a3ac
5326,xn--fiq64b
5327,xn--fjq720a
5328,xn--flw351e
5329,xn--fzc2c9e2c
5330,xn--gckr3f0f
5331,xn--gecrj9c
5332,xn--gk3at1e
5333,xn--gmqw5a.hk
5334,xn--h1aegh.museum
5335,xn--imr513n
5336,xn--mgb2ddes
5337,xn--mgb9awbf
5338,xn--mgbtx2b
5339,xn--ngbe9e0a
5340,xn--nnx388a
5341,xn--nyqy26a
5342,xn--otu796d
5343,xn--qcka1pmc
5344,xn--s9brj9c
5345,xn--vermgensberatung-pwb
5346,xn--zfr164b
5347,xnbay.com
5348,yabu.hyogo.jp
5349,yabuki.fukushima.jp
5350,yahaba.iwate.jp
5351,yaizu.shizuoka.jp
5352,yakumo.hokkaido.jp
5353,yamada.iwate.jp
5354,yamagata.nagano.jp
5355,yamagata.yamagata.jp
5356,yamamoto.miyagi.jp
5357,yamatokoriyama.nara.jp
5358,yamazoe.nara.jp
5359,yanaizu.fukushima.jp
5360,yatsushiro.kumamoto.jp
5361,yawata.kyoto.jp
5362,yawatahama.ehime.jp
5363,yokote.akita.jp
5364,yomitan.okinawa.jp
5365,yoro.gifu.jp
5366,yoshikawa.saitama.jp
5367,yoshino.nara.jp
5368,yurihonjo.akita.jp
5369,yusuhara.kochi.jp
5370,yusui.kagoshima.jp
5371,zao.miyagi.jp
5372,zapto.xyz
